Ticker,Weight,Investment($),Price,Shares,CurrentValue($),NewPrice,Change(%),NewValue($)
PYPL,0.1283923099674952,1283.9230996749527,73.0199966430664,17.583171168179824,1283.9230996749527,53.060001373291016,-27.33497149738734,932.9630863304325
ARM,0.0487306010860938,487.3060108609387,173.08999633789062,2.815333186036148,487.3060108609387,292.3399963378906,68.89479607314274,823.0344932957495
ABNB,0.1286691549997025,1286.6915499970255,128.00999450683594,10.051492892832789,1286.6915499970255,160.47000122070312,25.35740028653293,1612.9630767827664
KDP,0.0031683291820471,31.683291820471133,28.850000381469727,1.098207674230092,31.683291820471133,30.690000534057617,6.37781673573119,33.7039941086277
WBD,0.0717989945693787,717.9899456937876,20.989999771118164,34.20628649466342,717.9899456937876,30.950000762939453,47.45117246511865,1058.6845931071584
XEL,0.0562377888401083,562.3778884010832,79.81999969482422,7.045576178291436,562.3778884010832,70.55000305175781,-11.613626507777974,497.065420879853
NFLX,0.0081833054341536,81.83305434153662,1102.5,0.0742249926000332,81.83305434153662,67.8499984741211,-93.84580512706384,5.036165634653901
CPRT,0.0904357049977564,904.3570499775642,44.06999969482422,20.520922537782,904.357049977564,27.290000915527344,-38.075786012014866,560.0159948435364
PEP,0.0365712200183183,365.7122001831835,150.1199951171875,2.4361325078494653,365.7122001831835,125.5999984741211,-16.333598081938028,305.97823926864965
TMUS,0.0537111246144576,537.1112461445763,219.9900054931641,2.441525672680009,537.1112461445763,161.72999572753906,-26.48302573338287,394.86793661121476
MAR,0.0950574545096556,950.5745450965568,265.4549865722656,3.580925554916177,950.5745450965568,354.7900085449219,33.65354824417144,1270.4766082274396
KHC,0.0948674849768553,948.6748497685536,25.520000457763672,37.1737787128428,948.6748497685538,22.459999084472656,-11.990600777438875,834.9230358568383
AXON,0.1311273715075802,1311.273715075802,755.0,1.7367863775838437,1311.273715075802,422.2099914550781,-44.07814682714197,733.2885616389707
GEHC,0.0424507237498812,424.50723749881206,79.4000015258789,5.346438656685064,424.507237498812,63.97999954223633,-19.420657036910416,342.065142807305
ROP,0.0100835475804954,100.83547580495492,456.1600036621094,0.2210528652127217,100.83547580495492,362.5899963378906,-20.51254090078636,80.151557587961
CSCO,0.00051488396602,5.148839660200945,72.62000274658203,0.0709011218048085,5.148839660200945,108.76000213623047,49.76590198676276,7.711206158952109
