Timestamp,Portfolio,Strategy,Tactic,Value($),StartValue($),Change($),Change(%)
2025-10-28 22:12:20,RANDOM_TRIGGER.csv,RANDOM,TRIGGER,10000.000000000004,10000.000000000004,0.0,0.0
2025-10-28 22:12:20,NEWS_TRIGGER.csv,NEWS,TRIGGER,10000.053296725657,10000.0,0.0532967256549454,0.0005329672565494
2025-10-28 22:12:20,RANDOM_STATIC.csv,RANDOM,STATIC,10000.000000000002,10000.0,1.8189894035458565e-12,1.8189894035458565e-14
2025-10-28 22:12:20,NEWS_REGULAR.csv,NEWS,REGULAR,10000.037867956924,9999.99,0.0478679569241649,0.0004786800479216
2025-10-28 22:12:20,RANDOM_REGULAR.csv,RANDOM,REGULAR,10000.000000000004,10000.000000000002,1.8189894035458565e-12,1.818989403545856e-14
2025-10-28 22:12:20,NEWS_STATIC.csv,NEWS,STATIC,10000.037388858414,10000.01,0.0273888584142696,0.0002738883102543
2025-10-28 22:12:20,AI_TRIGGER.csv,AI,TRIGGER,10000.081062985038,10000.01,0.0710629850382247,0.0007106291397531
2025-10-28 22:12:20,AI_STATIC.csv,AI,STATIC,10000.049385251616,10000.01,0.0393852516153856,0.0003938521223017
2025-10-28 22:12:20,AI_REGULAR.csv,AI,REGULAR,9999.947303596306,10000.0,-0.0526964036944264,-0.0005269640369442
2025-10-28 22:23:27,RANDOM_TRIGGER.csv,RANDOM,TRIGGER,10000.000000000004,10000.000000000004,0.0,0.0
2025-10-28 22:23:27,NEWS_TRIGGER.csv,NEWS,TRIGGER,10000.053296725657,10000.0,0.0532967256549454,0.0005329672565494
2025-10-28 22:23:27,RANDOM_STATIC.csv,RANDOM,STATIC,10000.000000000002,10000.0,1.8189894035458565e-12,1.8189894035458565e-14
2025-10-28 22:23:27,NEWS_REGULAR.csv,NEWS,REGULAR,10000.037867956924,9999.99,0.0478679569241649,0.0004786800479216
2025-10-28 22:23:27,RANDOM_REGULAR.csv,RANDOM,REGULAR,10000.000000000004,10000.000000000002,1.8189894035458565e-12,1.8189894035458562e-14
2025-10-28 22:23:27,NEWS_STATIC.csv,NEWS,STATIC,10000.037388858414,10000.01,0.0273888584142696,0.0002738883102543
2025-10-28 22:23:27,AI_TRIGGER.csv,AI,TRIGGER,10000.081062985038,10000.01,0.0710629850382247,0.0007106291397531
2025-10-28 22:23:27,AI_STATIC.csv,AI,STATIC,10000.049385251616,10000.01,0.0393852516153856,0.0003938521223017
2025-10-28 22:23:27,AI_REGULAR.csv,AI,REGULAR,9999.947303596306,10000.0,-0.0526964036944264,-0.0005269640369442
2025-10-28 22:01:23,AI_STATIC.csv,AI,STATIC,10000.049385251616,10000.01,0.0393852516153856,0.0003938521223017
2025-10-28 22:01:23,AI_REGULAR.csv,AI,REGULAR,9999.947303596306,10000.0,-0.0526964036944264,-0.0005269640369442
2025-10-28 22:01:23,RANDOM_REGULAR.csv,RANDOM,REGULAR,10000.000000000004,10000.000000000002,1.8189894035458565e-12,1.818989403545856e-14
2025-10-28 22:01:23,RANDOM_STATIC.csv,RANDOM,STATIC,10000.000000000002,10000.0,1.8189894035458565e-12,1.8189894035458565e-14
2025-10-28 22:01:23,NEWS_TRIGGER.csv,NEWS,TRIGGER,10000.053296725657,10000.0,0.0532967256549454,0.0005329672565494
2025-10-28 22:01:23,NEWS_STATIC.csv,NEWS,STATIC,10000.037388858414,10000.01,0.0273888584142696,0.0002738883102543
2025-10-28 22:01:23,NEWS_REGULAR.csv,NEWS,REGULAR,10000.037867956924,9999.99,0.0478679569241649,0.0004786800479216
2025-10-28 22:01:23,AI_TRIGGER.csv,AI,TRIGGER,10000.081062985038,10000.01,0.0710629850382247,0.0007106291397531
2025-10-28 22:01:23,RANDOM_TRIGGER.csv,RANDOM,TRIGGER,10000.000000000004,10000.000000000004,0.0,0.0
2025-10-28 22:13:13,AI_STATIC.csv,AI,STATIC,10000.049385251616,10000.01,0.0393852516153856,0.0003938521223017
2025-10-28 22:13:13,AI_REGULAR.csv,AI,REGULAR,9999.947303596306,10000.0,-0.0526964036944264,-0.0005269640369442
2025-10-28 22:13:13,RANDOM_REGULAR.csv,RANDOM,REGULAR,10000.000000000004,10000.000000000002,1.8189894035458565e-12,1.8189894035458562e-14
2025-10-28 22:13:13,RANDOM_STATIC.csv,RANDOM,STATIC,10000.000000000002,10000.0,1.8189894035458565e-12,1.8189894035458565e-14
2025-10-28 22:13:13,NEWS_TRIGGER.csv,NEWS,TRIGGER,10000.053296725657,10000.0,0.0532967256549454,0.0005329672565494
2025-10-28 22:13:13,NEWS_STATIC.csv,NEWS,STATIC,10000.037388858414,10000.01,0.0273888584142696,0.0002738883102543
2025-10-28 22:13:13,NEWS_REGULAR.csv,NEWS,REGULAR,10000.037867956924,9999.99,0.0478679569241649,0.0004786800479216
2025-10-28 22:13:13,AI_TRIGGER.csv,AI,TRIGGER,10000.081062985038,10000.01,0.0710629850382247,0.0007106291397531
2025-10-28 22:13:13,RANDOM_TRIGGER.csv,RANDOM,TRIGGER,10000.000000000004,10000.000000000004,0.0,0.0
2025-10-28 23:12:40,AI_STATIC.csv,AI,STATIC,10000.049385251616,10000.01,0.0393852516153856,0.0003938521223017
2025-10-28 23:12:40,AI_REGULAR.csv,AI,REGULAR,9999.947303596306,10000.0,-0.0526964036944264,-0.0005269640369442
2025-10-28 23:12:40,RANDOM_REGULAR.csv,RANDOM,REGULAR,10000.000000000004,10000.000000000002,1.8189894035458565e-12,1.818989403545856e-14
2025-10-28 23:12:40,RANDOM_STATIC.csv,RANDOM,STATIC,10000.000000000002,10000.0,1.8189894035458565e-12,1.8189894035458565e-14
2025-10-28 23:12:40,NEWS_TRIGGER.csv,NEWS,TRIGGER,10000.053296725657,10000.0,0.0532967256549454,0.0005329672565494
2025-10-28 23:12:40,NEWS_STATIC.csv,NEWS,STATIC,10000.037388858414,10000.01,0.0273888584142696,0.0002738883102543
2025-10-28 23:12:40,NEWS_REGULAR.csv,NEWS,REGULAR,10000.037867956924,9999.99,0.0478679569241649,0.0004786800479216
2025-10-28 23:12:40,AI_TRIGGER.csv,AI,TRIGGER,10000.081062985038,10000.01,0.0710629850382247,0.0007106291397531
2025-10-28 23:12:40,RANDOM_TRIGGER.csv,RANDOM,TRIGGER,10000.000000000004,10000.000000000004,0.0,0.0
2025-10-29 01:03:39,AI_STATIC.csv,AI,STATIC,10000.049385251616,10000.01,0.0393852516153856,0.0003938521223017
2025-10-29 01:03:39,AI_REGULAR.csv,AI,REGULAR,9999.947303596306,10000.0,-0.0526964036944264,-0.0005269640369442
2025-10-29 01:03:39,RANDOM_REGULAR.csv,RANDOM,REGULAR,10000.000000000004,10000.000000000002,1.8189894035458565e-12,1.8189894035458562e-14
2025-10-29 01:03:39,RANDOM_STATIC.csv,RANDOM,STATIC,10000.000000000002,10000.0,1.8189894035458565e-12,1.8189894035458565e-14
2025-10-29 01:03:39,NEWS_TRIGGER.csv,NEWS,TRIGGER,10000.053296725657,10000.0,0.0532967256549454,0.0005329672565494
2025-10-29 01:03:39,NEWS_STATIC.csv,NEWS,STATIC,10000.037388858414,10000.01,0.0273888584142696,0.0002738883102543
2025-10-29 01:03:39,NEWS_REGULAR.csv,NEWS,REGULAR,10000.037867956924,9999.99,0.0478679569241649,0.0004786800479216
2025-10-29 01:03:39,AI_TRIGGER.csv,AI,TRIGGER,10000.081062985038,10000.01,0.0710629850382247,0.0007106291397531
2025-10-29 01:03:39,RANDOM_TRIGGER.csv,RANDOM,TRIGGER,10000.000000000004,10000.000000000004,0.0,0.0
2025-10-29 03:11:08,AI_STATIC.csv,AI,STATIC,10000.049385251616,10000.01,0.0393852516153856,0.0003938521223017
2025-10-29 03:11:08,AI_REGULAR.csv,AI,REGULAR,9999.947303596306,10000.0,-0.0526964036944264,-0.0005269640369442
2025-10-29 03:11:08,RANDOM_REGULAR.csv,RANDOM,REGULAR,10000.000000000004,10000.000000000002,1.8189894035458565e-12,1.818989403545856e-14
2025-10-29 03:11:08,RANDOM_STATIC.csv,RANDOM,STATIC,10000.017922112764,10000.0,0.0179221127636992,0.0001792211276369
2025-10-29 03:11:08,NEWS_TRIGGER.csv,NEWS,TRIGGER,10000.053296725657,10000.0,0.0532967256549454,0.0005329672565494
2025-10-29 03:11:08,NEWS_STATIC.csv,NEWS,STATIC,10000.037388858414,10000.01,0.0273888584142696,0.0002738883102543
2025-10-29 03:11:08,NEWS_REGULAR.csv,NEWS,REGULAR,10000.037867956924,9999.99,0.0478679569241649,0.0004786800479216
2025-10-29 03:11:08,AI_TRIGGER.csv,AI,TRIGGER,10000.081062985038,10000.01,0.0710629850382247,0.0007106291397531
2025-10-29 03:11:08,RANDOM_TRIGGER.csv,RANDOM,TRIGGER,10000.000000000004,10000.000000000004,0.0,0.0
2025-10-29 04:20:42,AI_STATIC.csv,AI,STATIC,10000.049385251616,10000.01,0.0393852516153856,0.0003938521223017
2025-10-29 04:20:42,AI_REGULAR.csv,AI,REGULAR,9999.947303596306,10000.0,-0.0526964036944264,-0.0005269640369442
2025-10-29 04:20:42,RANDOM_REGULAR.csv,RANDOM,REGULAR,10000.000000000004,10000.000000000002,1.8189894035458565e-12,1.8189894035458562e-14
2025-10-29 04:20:42,RANDOM_STATIC.csv,RANDOM,STATIC,10000.017922112764,10000.0,0.0179221127636992,0.0001792211276369
2025-10-29 04:20:42,NEWS_TRIGGER.csv,NEWS,TRIGGER,10000.053296725657,10000.0,0.0532967256549454,0.0005329672565494
2025-10-29 04:20:42,NEWS_STATIC.csv,NEWS,STATIC,10000.037388858414,10000.01,0.0273888584142696,0.0002738883102543
2025-10-29 04:20:42,NEWS_REGULAR.csv,NEWS,REGULAR,10000.037867956924,9999.99,0.0478679569241649,0.0004786800479216
2025-10-29 04:20:42,AI_TRIGGER.csv,AI,TRIGGER,10000.081062985038,10000.01,0.0710629850382247,0.0007106291397531
2025-10-29 04:20:42,RANDOM_TRIGGER.csv,RANDOM,TRIGGER,10000.000000000004,10000.000000000004,0.0,0.0
2025-10-29 05:14:14,AI_STATIC.csv,AI,STATIC,10000.049385251616,10000.01,0.0393852516153856,0.0003938521223017
2025-10-29 05:14:14,AI_REGULAR.csv,AI,REGULAR,9999.947303596306,10000.0,-0.0526964036944264,-0.0005269640369442
2025-10-29 05:14:14,RANDOM_REGULAR.csv,RANDOM,REGULAR,10000.000000000004,10000.000000000002,1.8189894035458565e-12,1.818989403545856e-14
2025-10-29 05:14:14,RANDOM_STATIC.csv,RANDOM,STATIC,10000.017922112764,10000.0,0.0179221127636992,0.0001792211276369
2025-10-29 05:14:14,NEWS_TRIGGER.csv,NEWS,TRIGGER,10000.053296725657,10000.0,0.0532967256549454,0.0005329672565494
2025-10-29 05:14:14,NEWS_STATIC.csv,NEWS,STATIC,10000.037388858414,10000.01,0.0273888584142696,0.0002738883102543
2025-10-29 05:14:14,NEWS_REGULAR.csv,NEWS,REGULAR,10000.037867956924,9999.99,0.0478679569241649,0.0004786800479216
2025-10-29 05:14:14,AI_TRIGGER.csv,AI,TRIGGER,10000.081062985038,10000.01,0.0710629850382247,0.0007106291397531
2025-10-29 05:14:14,RANDOM_TRIGGER.csv,RANDOM,TRIGGER,10000.000000000004,10000.000000000004,0.0,0.0
2025-10-29 06:21:34,AI_STATIC.csv,AI,STATIC,10000.049385251616,10000.01,0.0393852516153856,0.0003938521223017
2025-10-29 06:21:34,AI_REGULAR.csv,AI,REGULAR,9999.947303596306,10000.0,-0.0526964036944264,-0.0005269640369442
2025-10-29 06:21:34,RANDOM_REGULAR.csv,RANDOM,REGULAR,10000.000000000004,10000.000000000002,1.8189894035458565e-12,1.8189894035458562e-14
2025-10-29 06:21:34,RANDOM_STATIC.csv,RANDOM,STATIC,10000.017922112764,10000.0,0.0179221127636992,0.0001792211276369
2025-10-29 06:21:34,NEWS_TRIGGER.csv,NEWS,TRIGGER,10000.053296725657,10000.0,0.0532967256549454,0.0005329672565494
2025-10-29 06:21:34,NEWS_STATIC.csv,NEWS,STATIC,10000.037388858414,10000.01,0.0273888584142696,0.0002738883102543
2025-10-29 06:21:34,NEWS_REGULAR.csv,NEWS,REGULAR,10000.037867956924,9999.99,0.0478679569241649,0.0004786800479216
2025-10-29 06:21:34,AI_TRIGGER.csv,AI,TRIGGER,10000.081062985038,10000.01,0.0710629850382247,0.0007106291397531
2025-10-29 06:21:34,RANDOM_TRIGGER.csv,RANDOM,TRIGGER,10000.000000000004,10000.000000000004,0.0,0.0
2025-10-29 07:14:29,AI_STATIC.csv,AI,STATIC,10000.049385251616,10000.01,0.0393852516153856,0.0003938521223017
2025-10-29 07:14:29,AI_REGULAR.csv,AI,REGULAR,9999.947303596306,10000.0,-0.0526964036944264,-0.0005269640369442
2025-10-29 07:14:29,RANDOM_REGULAR.csv,RANDOM,REGULAR,10000.000000000004,10000.000000000002,1.8189894035458565e-12,1.818989403545856e-14
2025-10-29 07:14:29,RANDOM_STATIC.csv,RANDOM,STATIC,10000.017922112764,10000.0,0.0179221127636992,0.0001792211276369
2025-10-29 07:14:29,NEWS_TRIGGER.csv,NEWS,TRIGGER,10000.053296725657,10000.0,0.0532967256549454,0.0005329672565494
2025-10-29 07:14:29,NEWS_STATIC.csv,NEWS,STATIC,10000.037388858414,10000.01,0.0273888584142696,0.0002738883102543
2025-10-29 07:14:29,NEWS_REGULAR.csv,NEWS,REGULAR,10000.037867956924,9999.99,0.0478679569241649,0.0004786800479216
2025-10-29 07:14:29,AI_TRIGGER.csv,AI,TRIGGER,10000.081062985038,10000.01,0.0710629850382247,0.0007106291397531
2025-10-29 07:14:29,RANDOM_TRIGGER.csv,RANDOM,TRIGGER,10000.000000000004,10000.000000000004,0.0,0.0
2025-10-29 08:19:20,AI_STATIC.csv,AI,STATIC,10000.049385251616,10000.01,0.0393852516153856,0.0003938521223017
2025-10-29 08:19:20,AI_REGULAR.csv,AI,REGULAR,9999.947303596306,10000.0,-0.0526964036944264,-0.0005269640369442
2025-10-29 08:19:20,RANDOM_REGULAR.csv,RANDOM,REGULAR,10000.000000000004,10000.000000000002,1.8189894035458565e-12,1.8189894035458562e-14
2025-10-29 08:19:20,RANDOM_STATIC.csv,RANDOM,STATIC,10000.017922112764,10000.0,0.0179221127636992,0.0001792211276369
2025-10-29 08:19:20,NEWS_TRIGGER.csv,NEWS,TRIGGER,10000.053296725657,10000.0,0.0532967256549454,0.0005329672565494
2025-10-29 08:19:20,NEWS_STATIC.csv,NEWS,STATIC,10000.037388858414,10000.01,0.0273888584142696,0.0002738883102543
2025-10-29 08:19:20,NEWS_REGULAR.csv,NEWS,REGULAR,10000.037867956924,9999.99,0.0478679569241649,0.0004786800479216
2025-10-29 08:19:20,AI_TRIGGER.csv,AI,TRIGGER,10000.081062985038,10000.01,0.0710629850382247,0.0007106291397531
2025-10-29 08:19:20,RANDOM_TRIGGER.csv,RANDOM,TRIGGER,10000.000000000004,10000.000000000004,0.0,0.0
2025-10-29 09:15:05,AI_STATIC.csv,AI,STATIC,10000.049385251616,10000.01,0.0393852516153856,0.0003938521223017
2025-10-29 09:15:05,AI_REGULAR.csv,AI,REGULAR,9999.947303596306,10000.0,-0.0526964036944264,-0.0005269640369442
2025-10-29 09:15:05,RANDOM_REGULAR.csv,RANDOM,REGULAR,10000.000000000004,10000.000000000002,1.8189894035458565e-12,1.818989403545856e-14
2025-10-29 09:15:05,RANDOM_STATIC.csv,RANDOM,STATIC,10000.017922112764,10000.0,0.0179221127636992,0.0001792211276369
2025-10-29 09:15:05,NEWS_TRIGGER.csv,NEWS,TRIGGER,10000.053296725657,10000.0,0.0532967256549454,0.0005329672565494
2025-10-29 09:15:05,NEWS_STATIC.csv,NEWS,STATIC,10000.037388858414,10000.01,0.0273888584142696,0.0002738883102543
2025-10-29 09:15:05,NEWS_REGULAR.csv,NEWS,REGULAR,10000.037867956924,9999.99,0.0478679569241649,0.0004786800479216
2025-10-29 09:15:05,AI_TRIGGER.csv,AI,TRIGGER,10000.081062985038,10000.01,0.0710629850382247,0.0007106291397531
2025-10-29 09:15:05,RANDOM_TRIGGER.csv,RANDOM,TRIGGER,10000.000000000004,10000.000000000004,0.0,0.0
2025-10-29 10:15:11,AI_STATIC.csv,AI,STATIC,10000.049385251616,10000.01,0.0393852516153856,0.0003938521223017
2025-10-29 10:15:11,AI_REGULAR.csv,AI,REGULAR,9999.947303596306,10000.0,-0.0526964036944264,-0.0005269640369442
2025-10-29 10:15:11,RANDOM_REGULAR.csv,RANDOM,REGULAR,10000.000000000004,10000.000000000002,1.8189894035458565e-12,1.8189894035458562e-14
2025-10-29 10:15:11,RANDOM_STATIC.csv,RANDOM,STATIC,10000.017922112764,10000.0,0.0179221127636992,0.0001792211276369
2025-10-29 10:15:11,NEWS_TRIGGER.csv,NEWS,TRIGGER,10000.053296725657,10000.0,0.0532967256549454,0.0005329672565494
2025-10-29 10:15:11,NEWS_STATIC.csv,NEWS,STATIC,10000.037388858414,10000.01,0.0273888584142696,0.0002738883102543
2025-10-29 10:15:11,NEWS_REGULAR.csv,NEWS,REGULAR,10000.037867956924,9999.99,0.0478679569241649,0.0004786800479216
2025-10-29 10:15:11,AI_TRIGGER.csv,AI,TRIGGER,10000.081062985038,10000.01,0.0710629850382247,0.0007106291397531
2025-10-29 10:15:11,RANDOM_TRIGGER.csv,RANDOM,TRIGGER,10000.000000000004,10000.000000000004,0.0,0.0
2025-10-29 14:14:15,AI_STATIC.csv,AI,STATIC,9952.146226171111,10000.01,-47.86377382888713,-0.4786372596516116
2025-10-29 14:14:15,AI_REGULAR.csv,AI,REGULAR,9956.444839907266,10000.0,-43.555160092733786,-0.4355516009273378
2025-10-29 14:14:15,RANDOM_REGULAR.csv,RANDOM,REGULAR,9869.067861501644,10000.000000000002,-130.93213849835774,-1.3093213849835772
2025-10-29 14:14:15,RANDOM_STATIC.csv,RANDOM,STATIC,9899.574002796977,10000.0,-100.42599720302496,-1.0042599720302496
2025-10-29 14:14:15,NEWS_TRIGGER.csv,NEWS,TRIGGER,9958.399556820488,10000.0,-41.600443179511785,-0.4160044317951178
2025-10-29 14:14:15,NEWS_STATIC.csv,NEWS,STATIC,9913.174979519272,10000.01,-86.83502048072842,-0.8683493364579477
2025-10-29 14:14:15,NEWS_REGULAR.csv,NEWS,REGULAR,9930.341526241684,9999.99,-69.64847375831596,-0.6964854340685936
2025-10-29 14:14:15,AI_TRIGGER.csv,AI,TRIGGER,9959.663023157884,10000.01,-40.34697684211642,-0.4034693649517992
2025-10-29 14:14:15,RANDOM_TRIGGER.csv,RANDOM,TRIGGER,10046.018622904978,10000.000000000004,46.01862290497411,0.4601862290497409
2025-10-29 15:15:35,AI_STATIC.csv,AI,STATIC,9997.42949864273,10000.01,-2.5805013572698954,-0.0258049877677111
2025-10-29 15:15:35,AI_REGULAR.csv,AI,REGULAR,10000.722104979704,10000.0,0.7221049797044543,0.0072210497970445
2025-10-29 15:15:35,RANDOM_REGULAR.csv,RANDOM,REGULAR,9851.113898251066,10000.000000000002,-148.8861017489362,-1.4888610174893615
2025-10-29 15:15:35,RANDOM_STATIC.csv,RANDOM,STATIC,9900.787449118296,10000.0,-99.21255088170255,-0.9921255088170255
2025-10-29 15:15:35,NEWS_TRIGGER.csv,NEWS,TRIGGER,9960.084408752822,10000.0,-39.91559124717787,-0.3991559124717787
2025-10-29 15:15:35,NEWS_STATIC.csv,NEWS,STATIC,9902.628781669237,10000.01,-97.38121833076366,-0.9738112094964272
2025-10-29 15:15:35,NEWS_REGULAR.csv,NEWS,REGULAR,9921.170807105254,9999.99,-78.81919289474536,-0.7881927171401707
2025-10-29 15:15:35,AI_TRIGGER.csv,AI,TRIGGER,10002.829816778183,10000.01,2.8198167781847587,0.028198139583708
2025-10-29 15:15:35,RANDOM_TRIGGER.csv,RANDOM,TRIGGER,10088.848635741924,10000.000000000004,88.84863574192059,0.8884863574192055
2025-10-29 16:17:45,AI_STATIC.csv,AI,STATIC,9955.80485309143,10000.01,-44.205146908570896,-0.4420510270346819
2025-10-29 16:17:45,AI_REGULAR.csv,AI,REGULAR,9959.379240326882,10000.0,-40.6207596731183,-0.4062075967311829
2025-10-29 16:17:45,RANDOM_REGULAR.csv,RANDOM,REGULAR,9901.78647641514,10000.000000000002,-98.21352358486185,-0.9821352358486182
2025-10-29 16:17:45,RANDOM_STATIC.csv,RANDOM,STATIC,9893.982217645991,10000.0,-106.01778235400889,-1.060177823540089
2025-10-29 16:17:45,NEWS_TRIGGER.csv,NEWS,TRIGGER,9953.534737044334,10000.0,-46.46526295566582,-0.4646526295566582
2025-10-29 16:17:45,NEWS_STATIC.csv,NEWS,STATIC,9908.26129678612,10000.01,-91.74870321388153,-0.9174861146527004
2025-10-29 16:17:45,NEWS_REGULAR.csv,NEWS,REGULAR,9930.714061956403,9999.99,-69.27593804359458,-0.6927600731960191
2025-10-29 16:17:45,AI_TRIGGER.csv,AI,TRIGGER,9965.012784089851,10000.01,-34.99721591014895,-0.3499718091296804
2025-10-29 16:17:45,RANDOM_TRIGGER.csv,RANDOM,TRIGGER,10078.3493435753,10000.000000000004,78.3493435752971,0.7834934357529707
2025-10-29 17:13:15,AI_STATIC.csv,AI,STATIC,10002.251520345306,10000.01,2.2415203453056165,0.0224151810378751
2025-10-29 17:13:15,AI_REGULAR.csv,AI,REGULAR,10005.860234504507,10000.0,5.860234504507389,0.0586023450450738
2025-10-29 17:13:15,RANDOM_REGULAR.csv,RANDOM,REGULAR,9896.159462051564,10000.000000000002,-103.8405379484393,-1.0384053794843928
2025-10-29 17:13:15,RANDOM_STATIC.csv,RANDOM,STATIC,9881.010404792383,10000.0,-118.98959520761493,-1.1898959520761492
2025-10-29 17:13:15,NEWS_TRIGGER.csv,NEWS,TRIGGER,9946.779823474884,10000.0,-53.22017652511568,-0.5322017652511567
2025-10-29 17:13:15,NEWS_STATIC.csv,NEWS,STATIC,9895.667123807145,10000.01,-104.34287619285531,-1.0434277185008347
2025-10-29 17:13:15,NEWS_REGULAR.csv,NEWS,REGULAR,9921.03279644966,9999.99,-78.95720355033882,-0.7895728250762133
2025-10-29 17:13:15,AI_TRIGGER.csv,AI,TRIGGER,10009.695453559112,10000.01,9.68545355911192,0.0968544387366804
2025-10-29 17:13:15,RANDOM_TRIGGER.csv,RANDOM,TRIGGER,10075.830574323443,10000.000000000004,75.83057432343958,0.7583057432343955
2025-10-29 18:20:22,AI_STATIC.csv,AI,STATIC,9990.797235633852,10000.01,-9.212764366147894,-0.0921275515339274
2025-10-29 18:20:22,AI_REGULAR.csv,AI,REGULAR,9994.35053452797,10000.0,-5.649465472029988,-0.0564946547202998
2025-10-29 18:20:22,RANDOM_REGULAR.csv,RANDOM,REGULAR,9894.8428221846,10000.000000000002,-105.15717781540116,-1.0515717781540113
2025-10-29 18:20:22,RANDOM_STATIC.csv,RANDOM,STATIC,9850.243602609526,10000.0,-149.75639739047438,-1.4975639739047435
2025-10-29 18:20:22,NEWS_TRIGGER.csv,NEWS,TRIGGER,9927.689782185364,10000.0,-72.31021781463642,-0.7231021781463642
2025-10-29 18:20:22,NEWS_STATIC.csv,NEWS,STATIC,9863.312692585754,10000.01,-136.6973074142461,-1.3669717071707537
2025-10-29 18:20:22,NEWS_REGULAR.csv,NEWS,REGULAR,9899.88863184738,9999.99,-100.1013681526183,-1.0010146825408657
2025-10-29 18:20:22,AI_TRIGGER.csv,AI,TRIGGER,9997.87006422367,10000.01,-2.1399357763293665,-0.0213993363639573
2025-10-29 18:20:22,RANDOM_TRIGGER.csv,RANDOM,TRIGGER,10063.880959402464,10000.000000000004,63.880959402460576,0.6388095940246056
2025-10-29 19:10:56,AI_STATIC.csv,AI,STATIC,9978.353128060153,10000.01,-21.656871939849225,-0.2165685028299894
2025-10-29 19:10:56,AI_REGULAR.csv,AI,REGULAR,9982.467990496636,10000.0,-17.532009503363952,-0.1753200950336395
2025-10-29 19:10:56,RANDOM_REGULAR.csv,RANDOM,REGULAR,9860.971226703306,10000.000000000002,-139.02877329669536,-1.3902877329669534
2025-10-29 19:10:56,RANDOM_STATIC.csv,RANDOM,STATIC,9823.06979611278,10000.0,-176.93020388721925,-1.7693020388721927
2025-10-29 19:10:56,NEWS_TRIGGER.csv,NEWS,TRIGGER,9914.830883210754,10000.0,-85.16911678924589,-0.8516911678924589
2025-10-29 19:10:56,NEWS_STATIC.csv,NEWS,STATIC,9842.714956615067,10000.01,-157.2950433849328,-1.572948860900467
2025-10-29 19:10:56,NEWS_REGULAR.csv,NEWS,REGULAR,9871.512438750076,9999.99,-128.47756124992338,-1.284776897276131
2025-10-29 19:10:56,AI_TRIGGER.csv,AI,TRIGGER,9984.243532228851,10000.01,-15.76646777114911,-0.157664520046971
2025-10-29 19:10:56,RANDOM_TRIGGER.csv,RANDOM,TRIGGER,10082.064741230692,10000.000000000004,82.06474123068983,0.8206474123068981
2025-10-29 20:15:18,AI_STATIC.csv,AI,STATIC,9965.68954632797,10000.01,-34.320453672029544,-0.3432041935161019
2025-10-29 20:15:18,AI_REGULAR.csv,AI,REGULAR,9969.07865338936,10000.0,-30.921346610641194,-0.3092134661064119
2025-10-29 20:15:18,RANDOM_REGULAR.csv,RANDOM,REGULAR,9856.178657734305,10000.000000000002,-143.82134226569906,-1.4382134226569905
2025-10-29 20:15:18,RANDOM_STATIC.csv,RANDOM,STATIC,9817.199136397514,10000.0,-182.8008636024861,-1.8280086360248609
2025-10-29 20:15:18,NEWS_TRIGGER.csv,NEWS,TRIGGER,9917.497007302669,10000.0,-82.50299269733296,-0.8250299269733296
2025-10-29 20:15:18,NEWS_STATIC.csv,NEWS,STATIC,9853.233620560071,10000.01,-146.77637943992704,-1.4677623266369435
2025-10-29 20:15:18,NEWS_REGULAR.csv,NEWS,REGULAR,9883.582621555708,9999.99,-116.40737844429168,-1.1640749485178654
2025-10-29 20:15:18,AI_TRIGGER.csv,AI,TRIGGER,9972.459391373444,10000.01,-27.55060862655592,-0.2755058107597484
2025-10-29 20:15:18,RANDOM_TRIGGER.csv,RANDOM,TRIGGER,10127.337835405646,10000.000000000004,127.33783540564218,1.2733783540564214
2025-10-29 21:12:37,AI_STATIC.csv,AI,STATIC,9965.68954632797,10000.01,-34.320453672029544,-0.3432041935161019
2025-10-29 21:12:37,AI_REGULAR.csv,AI,REGULAR,9969.07865338936,10000.0,-30.921346610641194,-0.3092134661064119
2025-10-29 21:12:37,RANDOM_REGULAR.csv,RANDOM,REGULAR,9856.178657734305,10000.000000000002,-143.82134226569906,-1.4382134226569905
2025-10-29 21:12:37,RANDOM_STATIC.csv,RANDOM,STATIC,9817.199136397514,10000.0,-182.8008636024861,-1.8280086360248609
2025-10-29 21:12:37,NEWS_TRIGGER.csv,NEWS,TRIGGER,9917.497007302669,10000.0,-82.50299269733296,-0.8250299269733296
2025-10-29 21:12:37,NEWS_STATIC.csv,NEWS,STATIC,9853.233620560071,10000.01,-146.77637943992704,-1.4677623266369435
2025-10-29 21:12:37,NEWS_REGULAR.csv,NEWS,REGULAR,9883.582621555708,9999.99,-116.40737844429168,-1.1640749485178654
2025-10-29 21:12:37,AI_TRIGGER.csv,AI,TRIGGER,9972.459391373444,10000.01,-27.55060862655592,-0.2755058107597484
2025-10-29 21:12:37,RANDOM_TRIGGER.csv,RANDOM,TRIGGER,10127.337835405646,10000.000000000004,127.33783540564218,1.2733783540564214
2025-10-30 14:13:09,AI_STATIC.csv,AI,STATIC,9988.810938748931,10000.01,-11.199061251067178,-0.1119905005201712
2025-10-30 14:13:09,AI_REGULAR.csv,AI,REGULAR,9992.443409311483,10000.0,-7.556590688514916,-0.0755659068851491
2025-10-30 14:13:09,RANDOM_REGULAR.csv,RANDOM,REGULAR,9927.408594450244,10000.000000000002,-72.59140554975784,-0.7259140554975783
2025-10-30 14:13:09,RANDOM_STATIC.csv,RANDOM,STATIC,9807.992975881369,10000.0,-192.0070241186313,-1.920070241186313
2025-10-30 14:13:09,NEWS_TRIGGER.csv,NEWS,TRIGGER,9966.673592729972,10000.0,-33.32640727002763,-0.3332640727002763
2025-10-30 14:13:09,NEWS_STATIC.csv,NEWS,STATIC,9967.28913140831,10000.01,-32.720868591690305,-0.3272083587085443
2025-10-30 14:13:09,NEWS_REGULAR.csv,NEWS,REGULAR,10035.536946519089,9999.99,35.54694651908903,0.355469820660711
2025-10-30 14:13:09,AI_TRIGGER.csv,AI,TRIGGER,9958.767266577608,10000.01,-41.24273342239212,-0.4124269217969994
2025-10-30 14:13:09,RANDOM_TRIGGER.csv,RANDOM,TRIGGER,10065.549689931891,10000.000000000004,65.54968993188777,0.6554968993188774
2025-10-30 15:14:56,AI_STATIC.csv,AI,STATIC,9999.312964887238,10000.01,-0.6970351127620233,-0.006970344157276
2025-10-30 15:14:56,AI_REGULAR.csv,AI,REGULAR,10002.608744285202,10000.0,2.6087442852021923,0.0260874428520219
2025-10-30 15:14:56,RANDOM_REGULAR.csv,RANDOM,REGULAR,9985.2195348212,10000.000000000002,-14.780465178802842,-0.1478046517880284
2025-10-30 15:14:56,RANDOM_STATIC.csv,RANDOM,STATIC,9841.382509421292,10000.0,-158.61749057870838,-1.5861749057870838
2025-10-30 15:14:56,NEWS_TRIGGER.csv,NEWS,TRIGGER,10000.49557396585,10000.0,0.4955739658507809,0.0049557396585078
2025-10-30 15:14:56,NEWS_STATIC.csv,NEWS,STATIC,9974.056499186325,10000.01,-25.95350081367542,-0.2595347486020056
2025-10-30 15:14:56,NEWS_REGULAR.csv,NEWS,REGULAR,10067.132356851958,9999.99,67.14235685195854,0.6714242399438254
2025-10-30 15:14:56,AI_TRIGGER.csv,AI,TRIGGER,9977.295103636618,10000.01,-22.71489636338265,-0.2271487364850899
2025-10-30 15:14:56,RANDOM_TRIGGER.csv,RANDOM,TRIGGER,10052.491797175397,10000.000000000004,52.491797175391184,0.5249179717539116
2025-10-30 16:21:04,AI_STATIC.csv,AI,STATIC,10005.905796740724,10000.01,5.8957967407241085,0.0589579084493326
2025-10-30 16:21:04,AI_REGULAR.csv,AI,REGULAR,10008.69476271572,10000.0,8.694762715720572,0.0869476271572057
2025-10-30 16:21:04,RANDOM_REGULAR.csv,RANDOM,REGULAR,10021.081779458838,10000.000000000002,21.081779458836536,0.2108177945883653
2025-10-30 16:21:04,RANDOM_STATIC.csv,RANDOM,STATIC,9837.721844609265,10000.0,-162.27815539073708,-1.6227815539073709
2025-10-30 16:21:04,NEWS_TRIGGER.csv,NEWS,TRIGGER,10028.53952006757,10000.0,28.539520067570265,0.2853952006757027
2025-10-30 16:21:04,NEWS_STATIC.csv,NEWS,STATIC,10004.636062921523,10000.01,4.626062921523044,0.0462605829546474
2025-10-30 16:21:04,NEWS_REGULAR.csv,NEWS,REGULAR,10105.433441347886,9999.99,105.44344134788662,1.0544354679143342
2025-10-30 16:21:04,AI_TRIGGER.csv,AI,TRIGGER,9987.77449730454,10000.01,-12.235502695459218,-0.1223549045996875
2025-10-30 16:21:04,RANDOM_TRIGGER.csv,RANDOM,TRIGGER,10050.840857309731,10000.000000000004,50.84085730972947,0.5084085730972946
2025-10-30 17:12:40,AI_STATIC.csv,AI,STATIC,9987.332314479829,10000.01,-12.677685520173329,-0.1267767284250048
2025-10-30 17:12:40,AI_REGULAR.csv,AI,REGULAR,9990.426800841522,10000.0,-9.57319915847802,-0.0957319915847801
2025-10-30 17:12:40,RANDOM_REGULAR.csv,RANDOM,REGULAR,9972.297531048916,10000.000000000002,-27.70246895108721,-0.277024689510872
2025-10-30 17:12:40,RANDOM_STATIC.csv,RANDOM,STATIC,9801.041850022224,10000.0,-198.958149977776,-1.98958149977776
2025-10-30 17:12:40,NEWS_TRIGGER.csv,NEWS,TRIGGER,9992.0265865109,10000.0,-7.973413489098675,-0.0797341348909867
2025-10-30 17:12:40,NEWS_STATIC.csv,NEWS,STATIC,9965.282526828769,10000.01,-34.727473171233214,-0.3472743844379476
2025-10-30 17:12:40,NEWS_REGULAR.csv,NEWS,REGULAR,10062.759536820604,9999.99,62.76953682060412,0.6276959959020371
2025-10-30 17:12:40,AI_TRIGGER.csv,AI,TRIGGER,9973.983907519902,10000.01,-26.02609248009867,-0.2602606645403221
2025-10-30 17:12:40,RANDOM_TRIGGER.csv,RANDOM,TRIGGER,10053.590672104036,10000.000000000004,53.59067210403191,0.5359067210403189
2025-10-30 18:19:08,AI_STATIC.csv,AI,STATIC,10010.739738219452,10000.01,10.729738219451974,0.1072972748972448
2025-10-30 18:19:08,AI_REGULAR.csv,AI,REGULAR,10014.87194642067,10000.0,14.8719464206697,0.148719464206697
2025-10-30 18:19:08,RANDOM_REGULAR.csv,RANDOM,REGULAR,9974.887408534863,10000.000000000002,-25.11259146513657,-0.2511259146513657
2025-10-30 18:19:08,RANDOM_STATIC.csv,RANDOM,STATIC,9802.665864289756,10000.0,-197.3341357102454,-1.9733413571024536
2025-10-30 18:19:08,NEWS_TRIGGER.csv,NEWS,TRIGGER,9996.122102301457,10000.0,-3.877897698544985,-0.0387789769854498
2025-10-30 18:19:08,NEWS_STATIC.csv,NEWS,STATIC,9984.783124181367,10000.01,-15.226875818632834,-0.1522686059177224
2025-10-30 18:19:08,NEWS_REGULAR.csv,NEWS,REGULAR,10084.490256446075,9999.99,84.50025644607558,0.8450034094641653
2025-10-30 18:19:08,AI_TRIGGER.csv,AI,TRIGGER,9994.371827104287,10000.01,-5.63817289571125,-0.0563816725754399
2025-10-30 18:19:08,RANDOM_TRIGGER.csv,RANDOM,TRIGGER,10039.155883275856,10000.000000000004,39.15588327585101,0.39155883275851
2025-10-30 19:11:16,AI_STATIC.csv,AI,STATIC,9971.574392925262,10000.01,-28.43560707473808,-0.2843557863915943
2025-10-30 19:11:16,AI_REGULAR.csv,AI,REGULAR,9974.829856171416,10000.0,-25.170143828583605,-0.2517014382858361
2025-10-30 19:11:16,RANDOM_REGULAR.csv,RANDOM,REGULAR,9936.882734015931,10000.000000000002,-63.11726598406858,-0.6311726598406857
2025-10-30 19:11:16,RANDOM_STATIC.csv,RANDOM,STATIC,9790.40271879502,10000.0,-209.59728120497857,-2.095972812049786
2025-10-30 19:11:16,NEWS_TRIGGER.csv,NEWS,TRIGGER,9951.578417288589,10000.0,-48.42158271141125,-0.4842158271141124
2025-10-30 19:11:16,NEWS_STATIC.csv,NEWS,STATIC,9965.991212273788,10000.01,-34.018787726212395,-0.3401875370745869
2025-10-30 19:11:16,NEWS_REGULAR.csv,NEWS,REGULAR,10055.744739920809,9999.99,55.75473992080697,0.5575479567560265
2025-10-30 19:11:16,AI_TRIGGER.csv,AI,TRIGGER,9953.724905355297,10000.01,-46.28509464470517,-0.462850483596568
2025-10-30 19:11:16,RANDOM_TRIGGER.csv,RANDOM,TRIGGER,10018.232879275572,10000.000000000004,18.23287927556885,0.1823287927556884
2025-10-30 20:15:00,AI_STATIC.csv,AI,STATIC,9920.87565613098,10000.01,-79.13434386902009,-0.7913426473475534
2025-10-30 20:15:00,AI_REGULAR.csv,AI,REGULAR,9924.083455085183,10000.0,-75.91654491481677,-0.7591654491481677
2025-10-30 20:15:00,RANDOM_REGULAR.csv,RANDOM,REGULAR,9905.740558512862,10000.000000000002,-94.25944148714008,-0.9425944148714004
2025-10-30 20:15:00,RANDOM_STATIC.csv,RANDOM,STATIC,9741.577305572036,10000.0,-258.4226944279635,-2.584226944279635
2025-10-30 20:15:00,NEWS_TRIGGER.csv,NEWS,TRIGGER,9905.747148451734,10000.0,-94.25285154826634,-0.9425285154826633
2025-10-30 20:15:00,NEWS_STATIC.csv,NEWS,STATIC,9918.811794053268,10000.01,-81.19820594673183,-0.8119812474860708
2025-10-30 20:15:00,NEWS_REGULAR.csv,NEWS,REGULAR,9994.507978077698,9999.99,-5.48202192230201,-0.0548202740432941
2025-10-30 20:15:00,AI_TRIGGER.csv,AI,TRIGGER,9910.02293152274,10000.01,-89.98706847726135,-0.8998697849028285
2025-10-30 20:15:00,RANDOM_TRIGGER.csv,RANDOM,TRIGGER,9965.594822501182,10000.000000000004,-34.40517749882201,-0.34405177498822
2025-10-30 21:12:42,AI_STATIC.csv,AI,STATIC,9920.87565613098,10000.01,-79.13434386902009,-0.7913426473475534
2025-10-30 21:12:42,AI_REGULAR.csv,AI,REGULAR,9924.083455085183,10000.0,-75.91654491481677,-0.7591654491481677
2025-10-30 21:12:42,RANDOM_REGULAR.csv,RANDOM,REGULAR,9905.740558512862,10000.000000000002,-94.25944148714008,-0.9425944148714004
2025-10-30 21:12:42,RANDOM_STATIC.csv,RANDOM,STATIC,9741.577305572036,10000.0,-258.4226944279635,-2.584226944279635
2025-10-30 21:12:42,NEWS_TRIGGER.csv,NEWS,TRIGGER,9905.640962468273,10000.0,-94.35903753172896,-0.9435903753172898
2025-10-30 21:12:42,NEWS_STATIC.csv,NEWS,STATIC,9918.811794053268,10000.01,-81.19820594673183,-0.8119812474860708
2025-10-30 21:12:42,NEWS_REGULAR.csv,NEWS,REGULAR,9994.507978077698,9999.99,-5.48202192230201,-0.0548202740432941
2025-10-30 21:12:42,AI_TRIGGER.csv,AI,TRIGGER,9910.02293152274,10000.01,-89.98706847726135,-0.8998697849028285
2025-10-30 21:12:42,RANDOM_TRIGGER.csv,RANDOM,TRIGGER,9965.594822501182,10000.000000000004,-34.40517749882201,-0.34405177498822
2025-10-31 14:13:48,AI_STATIC.csv,AI,STATIC,10038.612635357666,10000.01,38.60263535766535,0.3860259675506859
2025-10-31 14:13:48,AI_REGULAR.csv,AI,REGULAR,10043.07830948887,10000.0,43.07830948887022,0.4307830948887021
2025-10-31 14:13:48,RANDOM_REGULAR.csv,RANDOM,REGULAR,9988.0019720925,10000.000000000002,-11.998027907502546,-0.1199802790750254
2025-10-31 14:13:48,RANDOM_STATIC.csv,RANDOM,STATIC,9775.806978860606,10000.0,-224.1930211393937,-2.241930211393937
2025-10-31 14:13:48,NEWS_TRIGGER.csv,NEWS,TRIGGER,9927.858613874814,10000.0,-72.14138612518582,-0.7214138612518582
2025-10-31 14:13:48,NEWS_STATIC.csv,NEWS,STATIC,9958.282350899886,10000.01,-41.72764910011392,-0.4172760737250655
2025-10-31 14:13:48,NEWS_REGULAR.csv,NEWS,REGULAR,10028.325379586411,9999.99,28.335379586413183,0.283354079218211
2025-10-31 14:13:48,AI_TRIGGER.csv,AI,TRIGGER,9987.328805342386,10000.01,-12.68119465761447,-0.1268118197643249
2025-10-31 14:13:48,RANDOM_TRIGGER.csv,RANDOM,TRIGGER,9950.932925531655,10000.000000000004,-49.06707446834844,-0.4906707446834842
2025-10-31 15:12:29,AI_STATIC.csv,AI,STATIC,10043.996972534942,10000.01,43.98697253494174,0.4398692854801319
2025-10-31 15:12:29,AI_REGULAR.csv,AI,REGULAR,10047.454436857224,10000.0,47.45443685722421,0.4745443685722421
2025-10-31 15:12:29,RANDOM_REGULAR.csv,RANDOM,REGULAR,10099.729612722818,10000.000000000002,99.72961272281646,0.9972961272281644
2025-10-31 15:12:29,RANDOM_STATIC.csv,RANDOM,STATIC,9788.604170129778,10000.0,-211.39582987022183,-2.1139582987022187
2025-10-31 15:12:29,NEWS_TRIGGER.csv,NEWS,TRIGGER,9966.604668105294,10000.0,-33.39533189470603,-0.3339533189470603
2025-10-31 15:12:29,NEWS_STATIC.csv,NEWS,STATIC,9962.3998786232,10000.01,-37.61012137680154,-0.3761008376671778
2025-10-31 15:12:29,NEWS_REGULAR.csv,NEWS,REGULAR,10029.570492378998,9999.99,29.580492378998315,0.2958052195952028
2025-10-31 15:12:29,AI_TRIGGER.csv,AI,TRIGGER,9987.187854760012,10000.01,-12.822145239988458,-0.1282213241785604
2025-10-31 15:12:29,RANDOM_TRIGGER.csv,RANDOM,TRIGGER,9994.968546328064,10000.000000000004,-5.031453671939744,-0.0503145367193974
2025-10-31 16:16:35,AI_STATIC.csv,AI,STATIC,10006.86406001358,10000.01,6.854060013578419,0.0685405315952525
2025-10-31 16:16:35,AI_REGULAR.csv,AI,REGULAR,10009.110825429154,10000.0,9.11082542915392,0.0911082542915392
2025-10-31 16:16:35,RANDOM_REGULAR.csv,RANDOM,REGULAR,10076.475615682151,10000.000000000002,76.47561568215133,0.7647561568215132
2025-10-31 16:16:35,RANDOM_STATIC.csv,RANDOM,STATIC,9764.533428117062,10000.0,-235.4665718829383,-2.354665718829383
2025-10-31 16:16:35,NEWS_TRIGGER.csv,NEWS,TRIGGER,9896.850639749611,10000.0,-103.14936025038878,-1.0314936025038877
2025-10-31 16:16:35,NEWS_STATIC.csv,NEWS,STATIC,9911.334684872436,10000.01,-88.67531512756432,-0.8867522645233785
2025-10-31 16:16:35,NEWS_REGULAR.csv,NEWS,REGULAR,9975.834917300795,9999.99,-24.15508269920429,-0.2415510685431114
2025-10-31 16:16:35,AI_TRIGGER.csv,AI,TRIGGER,9934.869161717605,10000.01,-65.14083828239745,-0.6514077314162431
2025-10-31 16:16:35,RANDOM_TRIGGER.csv,RANDOM,TRIGGER,9892.169051334178,10000.000000000004,-107.83094866582542,-1.078309486658254
2025-10-31 17:12:49,AI_STATIC.csv,AI,STATIC,,10000.01,,
2025-10-31 17:12:49,AI_REGULAR.csv,AI,REGULAR,9979.33063273964,10000.0,-20.66936726036147,-0.2066936726036146
2025-10-31 17:12:49,RANDOM_REGULAR.csv,RANDOM,REGULAR,10091.963235450785,10000.000000000002,91.96323545078305,0.91963235450783
2025-10-31 17:12:49,RANDOM_STATIC.csv,RANDOM,STATIC,9736.572337531576,10000.0,-263.42766246842257,-2.634276624684226
2025-10-31 17:12:49,NEWS_TRIGGER.csv,NEWS,TRIGGER,9876.230388096275,10000.0,-123.76961190372276,-1.2376961190372275
2025-10-31 17:12:49,NEWS_STATIC.csv,NEWS,STATIC,9906.749765844726,10000.01,-93.2602341552738,-0.9326014089513288
2025-10-31 17:12:49,NEWS_REGULAR.csv,NEWS,REGULAR,9957.289447486495,9999.99,-42.70055251350459,-0.427005952140998
2025-10-31 17:12:49,AI_TRIGGER.csv,AI,TRIGGER,9909.509719329388,10000.01,-90.50028067061248,-0.9050019017042232
2025-10-31 17:12:49,RANDOM_TRIGGER.csv,RANDOM,TRIGGER,9838.286198452224,10000.000000000004,-161.71380154777944,-1.617138015477794
2025-10-31 18:19:59,AI_STATIC.csv,AI,STATIC,9989.158856558228,10000.01,-10.851143441772363,-0.1085113259063977
2025-10-31 18:19:59,AI_REGULAR.csv,AI,REGULAR,9991.89812266636,10000.0,-8.101877333640005,-0.0810187733364
2025-10-31 18:19:59,RANDOM_REGULAR.csv,RANDOM,REGULAR,10057.82701737354,10000.000000000002,57.82701737353818,0.5782701737353817
2025-10-31 18:19:59,RANDOM_STATIC.csv,RANDOM,STATIC,9761.634058694051,10000.0,-238.36594130594847,-2.383659413059486
2025-10-31 18:19:59,NEWS_TRIGGER.csv,NEWS,TRIGGER,9893.12421729109,10000.0,-106.87578270891026,-1.0687578270891027
2025-10-31 18:19:59,NEWS_STATIC.csv,NEWS,STATIC,9913.348674977877,10000.01,-86.66132502212531,-0.8666123836088694
2025-10-31 18:19:59,NEWS_REGULAR.csv,NEWS,REGULAR,9965.06516531372,9999.99,-34.9248346862787,-0.3492486961114831
2025-10-31 18:19:59,AI_TRIGGER.csv,AI,TRIGGER,9934.69659054411,10000.01,-65.31340945589,-0.6531334414254585
2025-10-31 18:19:59,RANDOM_TRIGGER.csv,RANDOM,TRIGGER,9867.867477205173,10000.000000000004,-132.13252279483095,-1.321325227948309
2025-10-31 19:10:04,AI_STATIC.csv,AI,STATIC,10018.62635156784,10000.01,18.61635156783996,0.18616332951507
2025-10-31 19:10:04,AI_REGULAR.csv,AI,REGULAR,10021.529909601784,10000.0,21.52990960178431,0.2152990960178431
2025-10-31 19:10:04,RANDOM_REGULAR.csv,RANDOM,REGULAR,10109.955452252929,10000.000000000002,109.95545225292516,1.0995545225292511
2025-10-31 19:10:04,RANDOM_STATIC.csv,RANDOM,STATIC,9795.72591136696,10000.0,-204.2740886330412,-2.0427408863304115
2025-10-31 19:10:04,NEWS_TRIGGER.csv,NEWS,TRIGGER,9914.032909277486,10000.0,-85.9670907225136,-0.8596709072251361
2025-10-31 19:10:04,NEWS_STATIC.csv,NEWS,STATIC,9934.759665439988,10000.01,-65.25033456001256,-0.6525026930974325
2025-10-31 19:10:04,NEWS_REGULAR.csv,NEWS,REGULAR,9988.13208501358,9999.99,-11.857914986419928,-0.1185792684434677
2025-10-31 19:10:04,AI_TRIGGER.csv,AI,TRIGGER,9966.052070083062,10000.01,-33.95792991693816,-0.3395789595904219
2025-10-31 19:10:04,RANDOM_TRIGGER.csv,RANDOM,TRIGGER,9872.71406877637,10000.000000000004,-127.28593122363418,-1.2728593122363412
2025-10-31 20:15:28,AI_STATIC.csv,AI,STATIC,10006.134978258511,10000.01,6.124978258512783,0.0612497213354064
2025-10-31 20:15:28,AI_REGULAR.csv,AI,REGULAR,10008.84399756813,10000.0,8.843997568130362,0.0884399756813036
2025-10-31 20:15:28,RANDOM_REGULAR.csv,RANDOM,REGULAR,10138.925039131916,10000.000000000002,138.92503913191467,1.3892503913191463
2025-10-31 20:15:28,RANDOM_STATIC.csv,RANDOM,STATIC,9800.713191205015,10000.0,-199.2868087949828,-1.992868087949828
2025-10-31 20:15:28,NEWS_TRIGGER.csv,NEWS,TRIGGER,9926.269356363937,10000.0,-73.73064363606318,-0.7373064363606319
2025-10-31 20:15:28,NEWS_STATIC.csv,NEWS,STATIC,9958.4377968338,10000.01,-41.57220316619896,-0.4157216159403736
2025-10-31 20:15:28,NEWS_REGULAR.csv,NEWS,REGULAR,10012.341129405975,9999.99,12.351129405975373,0.1235114175711712
2025-10-31 20:15:28,AI_TRIGGER.csv,AI,TRIGGER,9965.83599231602,10000.01,-34.17400768397965,-0.3417397351000614
2025-10-31 20:15:28,RANDOM_TRIGGER.csv,RANDOM,TRIGGER,9879.027593815936,10000.000000000004,-120.97240618406796,-1.209724061840679
2025-10-31 21:12:12,AI_STATIC.csv,AI,STATIC,10006.134978258511,10000.01,6.124978258512783,0.0612497213354064
2025-10-31 21:12:12,AI_REGULAR.csv,AI,REGULAR,10008.84399756813,10000.0,8.843997568130362,0.0884399756813036
2025-10-31 21:12:12,RANDOM_REGULAR.csv,RANDOM,REGULAR,10138.925039131916,10000.000000000002,138.92503913191467,1.3892503913191463
2025-10-31 21:12:12,RANDOM_STATIC.csv,RANDOM,STATIC,9800.713191205015,10000.0,-199.2868087949828,-1.992868087949828
2025-10-31 21:12:12,NEWS_TRIGGER.csv,NEWS,TRIGGER,9926.269356363937,10000.0,-73.73064363606318,-0.7373064363606319
2025-10-31 21:12:12,NEWS_STATIC.csv,NEWS,STATIC,9958.4377968338,10000.01,-41.57220316619896,-0.4157216159403736
2025-10-31 21:12:12,NEWS_REGULAR.csv,NEWS,REGULAR,10012.341129405975,9999.99,12.351129405975373,0.1235114175711712
2025-10-31 21:12:12,AI_TRIGGER.csv,AI,TRIGGER,9965.83599231602,10000.01,-34.17400768397965,-0.3417397351000614
2025-10-31 21:12:12,RANDOM_TRIGGER.csv,RANDOM,TRIGGER,9879.027593815936,10000.000000000004,-120.97240618406796,-1.209724061840679
2025-11-03 14:14:25,AI_STATIC.csv,AI,STATIC,10006.134978258511,10000.01,6.124978258512783,0.0612497213354064
2025-11-03 14:14:25,AI_REGULAR.csv,AI,REGULAR,10008.84399756813,10000.0,8.843997568130362,0.0884399756813036
2025-11-03 14:14:25,RANDOM_REGULAR.csv,RANDOM,REGULAR,10138.925039131916,10000.000000000002,138.92503913191467,1.3892503913191463
2025-11-03 14:14:25,RANDOM_STATIC.csv,RANDOM,STATIC,9800.713191205015,10000.0,-199.2868087949828,-1.992868087949828
2025-11-03 14:14:25,NEWS_TRIGGER.csv,NEWS,TRIGGER,9926.269356363937,10000.0,-73.73064363606318,-0.7373064363606319
2025-11-03 14:14:25,NEWS_STATIC.csv,NEWS,STATIC,9958.4377968338,10000.01,-41.57220316619896,-0.4157216159403736
2025-11-03 14:14:25,NEWS_REGULAR.csv,NEWS,REGULAR,10012.341129405975,9999.99,12.351129405975373,0.1235114175711712
2025-11-03 14:14:25,AI_TRIGGER.csv,AI,TRIGGER,9965.83599231602,10000.01,-34.17400768397965,-0.3417397351000614
2025-11-03 14:14:25,RANDOM_TRIGGER.csv,RANDOM,TRIGGER,9879.027593815936,10000.000000000004,-120.97240618406796,-1.209724061840679
2025-11-03 15:14:42,AI_STATIC.csv,AI,STATIC,10014.470471823122,10000.01,14.460471823122134,0.1446045736266477
2025-11-03 15:14:42,AI_REGULAR.csv,AI,REGULAR,10018.96036245613,10000.0,18.960362456129587,0.1896036245612958
2025-11-03 15:14:42,RANDOM_REGULAR.csv,RANDOM,REGULAR,10071.379577072716,10000.000000000002,71.3795770727138,0.7137957707271378
2025-11-03 15:14:42,RANDOM_STATIC.csv,RANDOM,STATIC,9710.85296455308,10000.0,-289.1470354469202,-2.891470354469202
2025-11-03 15:14:42,NEWS_TRIGGER.csv,NEWS,TRIGGER,9965.391205444654,10000.0,-34.60879455534632,-0.3460879455534632
2025-11-03 15:14:42,NEWS_STATIC.csv,NEWS,STATIC,9940.426424576188,10000.01,-59.58357542381236,-0.5958351584029653
2025-11-03 15:14:42,NEWS_REGULAR.csv,NEWS,REGULAR,10024.339707318111,9999.99,24.34970731811336,0.2434973166784503
2025-11-03 15:14:42,AI_TRIGGER.csv,AI,TRIGGER,10028.085132025291,10000.01,28.07513202529117,0.2807510395018722
2025-11-03 15:14:42,RANDOM_TRIGGER.csv,RANDOM,TRIGGER,9791.39816981943,10000.000000000004,-208.60183018057432,-2.0860183018057423
2025-11-03 16:16:26,AI_STATIC.csv,AI,STATIC,9978.959405999754,10000.01,-21.05059400024584,-0.2105057294967288
2025-11-03 16:16:26,AI_REGULAR.csv,AI,REGULAR,9983.112103899191,10000.0,-16.887896100806756,-0.1688789610080675
2025-11-03 16:16:26,RANDOM_REGULAR.csv,RANDOM,REGULAR,10054.086038204236,10000.000000000002,54.08603820423559,0.5408603820423559
2025-11-03 16:16:26,RANDOM_STATIC.csv,RANDOM,STATIC,9709.8090244274,10000.0,-290.190975572601,-2.9019097557260105
2025-11-03 16:16:26,NEWS_TRIGGER.csv,NEWS,TRIGGER,9897.663704818982,10000.0,-102.3362951810177,-1.023362951810177
2025-11-03 16:16:26,NEWS_STATIC.csv,NEWS,STATIC,9903.872583998487,10000.01,-96.13741600151116,-0.961373198641913
2025-11-03 16:16:26,NEWS_REGULAR.csv,NEWS,REGULAR,9956.550139516066,9999.99,-43.43986048393344,-0.4343990392383736
2025-11-03 16:16:26,AI_TRIGGER.csv,AI,TRIGGER,10011.758407304802,10000.01,11.74840730480173,0.1174839555640617
2025-11-03 16:16:26,RANDOM_TRIGGER.csv,RANDOM,TRIGGER,9787.75080628582,10000.000000000004,-212.249193714184,-2.122491937141839
2025-11-03 17:12:44,AI_STATIC.csv,AI,STATIC,9972.836155062105,10000.01,-27.17384493789723,-0.2717381776407946
2025-11-03 17:12:44,AI_REGULAR.csv,AI,REGULAR,9977.37229933567,10000.0,-22.627700664330405,-0.226277006643304
2025-11-03 17:12:44,RANDOM_REGULAR.csv,RANDOM,REGULAR,10048.688953678184,10000.000000000002,48.68895367818186,0.4868895367818185
2025-11-03 17:12:44,RANDOM_STATIC.csv,RANDOM,STATIC,9730.065609981404,10000.0,-269.9343900185959,-2.6993439001859585
2025-11-03 17:12:44,NEWS_TRIGGER.csv,NEWS,TRIGGER,9926.006888451664,10000.0,-73.99311154833595,-0.7399311154833594
2025-11-03 17:12:44,NEWS_STATIC.csv,NEWS,STATIC,9945.431403126526,10000.01,-54.57859687347445,-0.5457854229493216
2025-11-03 17:12:44,NEWS_REGULAR.csv,NEWS,REGULAR,9984.285341709136,9999.99,-15.704658290862426,-0.1570467399553642
2025-11-03 17:12:44,AI_TRIGGER.csv,AI,TRIGGER,10014.535876431488,10000.01,14.525876431487632,0.1452586190562572
2025-11-03 17:12:44,RANDOM_TRIGGER.csv,RANDOM,TRIGGER,9786.91676999144,10000.000000000004,-213.083230008564,-2.13083230008564
2025-11-03 18:19:18,AI_STATIC.csv,AI,STATIC,9987.801206666563,10000.01,-12.208793333435096,-0.1220878112465397
2025-11-03 18:19:18,AI_REGULAR.csv,AI,REGULAR,9992.509314532852,10000.0,-7.490685467148069,-0.0749068546714806
2025-11-03 18:19:18,RANDOM_REGULAR.csv,RANDOM,REGULAR,10070.84604508799,10000.000000000002,70.84604508798839,0.7084604508798837
2025-11-03 18:19:18,RANDOM_STATIC.csv,RANDOM,STATIC,9737.334675916594,10000.0,-262.6653240834057,-2.6266532408340573
2025-11-03 18:19:18,NEWS_TRIGGER.csv,NEWS,TRIGGER,9923.058451468234,10000.0,-76.94154853176587,-0.7694154853176588
2025-11-03 18:19:18,NEWS_STATIC.csv,NEWS,STATIC,9969.287059115984,10000.01,-30.72294088401759,-0.3072291016110743
2025-11-03 18:19:18,NEWS_REGULAR.csv,NEWS,REGULAR,9993.431807540512,9999.99,-6.558192459488055,-0.0655819901768707
2025-11-03 18:19:18,AI_TRIGGER.csv,AI,TRIGGER,10021.2429445813,10000.01,21.23294458130113,0.2123292334837778
2025-11-03 18:19:18,RANDOM_TRIGGER.csv,RANDOM,TRIGGER,9781.33049456839,10000.000000000004,-218.6695054316133,-2.1866950543161323
2025-11-03 19:11:00,AI_STATIC.csv,AI,STATIC,9984.457972666169,10000.01,-15.552027333831576,-0.1555201178181979
2025-11-03 19:11:00,AI_REGULAR.csv,AI,REGULAR,9989.139398687552,10000.0,-10.860601312448123,-0.1086060131244812
2025-11-03 19:11:00,RANDOM_REGULAR.csv,RANDOM,REGULAR,10101.53220702503,10000.000000000002,101.53220702502767,1.0153220702502763
2025-11-03 19:11:00,RANDOM_STATIC.csv,RANDOM,STATIC,9743.257991848242,10000.0,-256.74200815175755,-2.567420081517576
2025-11-03 19:11:00,NEWS_TRIGGER.csv,NEWS,TRIGGER,9926.963300418569,10000.0,-73.03669958143291,-0.7303669958143291
2025-11-03 19:11:00,NEWS_STATIC.csv,NEWS,STATIC,9988.236767329408,10000.01,-11.773232670593645,-0.1177322089737274
2025-11-03 19:11:00,NEWS_REGULAR.csv,NEWS,REGULAR,10008.18654176407,9999.99,8.19654176406948,0.0819654996061944
2025-11-03 19:11:00,AI_TRIGGER.csv,AI,TRIGGER,10009.15923986522,10000.01,9.149239865220808,0.0914923071599009
2025-11-03 19:11:00,RANDOM_TRIGGER.csv,RANDOM,TRIGGER,9779.581525575122,10000.000000000004,-220.41847442488145,-2.2041847442488134
2025-11-03 20:15:39,AI_STATIC.csv,AI,STATIC,9982.335528621676,10000.01,-17.674471378324597,-0.1767445370387089
2025-11-03 20:15:39,AI_REGULAR.csv,AI,REGULAR,9985.605632081031,10000.0,-14.394367918966964,-0.1439436791896696
2025-11-03 20:15:39,RANDOM_REGULAR.csv,RANDOM,REGULAR,10141.628698646864,10000.000000000002,141.62869864686218,1.4162869864686214
2025-11-03 20:15:39,RANDOM_STATIC.csv,RANDOM,STATIC,9724.33163013385,10000.0,-275.6683698661509,-2.756683698661509
2025-11-03 20:15:39,NEWS_TRIGGER.csv,NEWS,TRIGGER,9922.52780094656,10000.0,-77.47219905343991,-0.7747219905343992
2025-11-03 20:15:39,NEWS_STATIC.csv,NEWS,STATIC,9984.366606676482,10000.01,-15.643393323518469,-0.1564337768014078
2025-11-03 20:15:39,NEWS_REGULAR.csv,NEWS,REGULAR,10011.039656547546,9999.99,11.049656547545965,0.1104966759721356
2025-11-03 20:15:39,AI_TRIGGER.csv,AI,TRIGGER,10009.300346166172,10000.01,9.29034616617173,0.0929033687583485
2025-11-03 20:15:39,RANDOM_TRIGGER.csv,RANDOM,TRIGGER,9768.329892770307,10000.000000000004,-231.67010722969465,-2.316701072296945
2025-11-03 21:12:58,AI_STATIC.csv,AI,STATIC,9978.621932510376,10000.01,-21.38806748962452,-0.2138804610157841
2025-11-03 21:12:58,AI_REGULAR.csv,AI,REGULAR,9983.09415419388,10000.0,-16.90584580612085,-0.1690584580612085
2025-11-03 21:12:58,RANDOM_REGULAR.csv,RANDOM,REGULAR,10169.209284982446,10000.000000000002,169.20928498244393,1.6920928498244387
2025-11-03 21:12:58,RANDOM_STATIC.csv,RANDOM,STATIC,9735.179447264714,10000.0,-264.8205527352857,-2.648205527352857
2025-11-03 21:12:58,NEWS_TRIGGER.csv,NEWS,TRIGGER,9911.5737685304,10000.0,-88.42623146960068,-0.8842623146960068
2025-11-03 21:12:58,NEWS_STATIC.csv,NEWS,STATIC,9974.723911081312,10000.01,-25.2860889186868,-0.2528606363262317
2025-11-03 21:12:58,NEWS_REGULAR.csv,NEWS,REGULAR,10003.509490521245,9999.99,3.519490521242915,0.0351949404073695
2025-11-03 21:12:58,AI_TRIGGER.csv,AI,TRIGGER,10005.89569175023,10000.01,5.885691750228943,0.0588568586454307
2025-11-03 21:12:58,RANDOM_TRIGGER.csv,RANDOM,TRIGGER,9757.503760863776,10000.000000000004,-242.4962391362278,-2.424962391362277
2025-11-04 14:14:12,AI_STATIC.csv,AI,STATIC,9978.621932510376,10000.01,-21.38806748962452,-0.2138804610157841
2025-11-04 14:14:12,AI_REGULAR.csv,AI,REGULAR,9983.09415419388,10000.0,-16.90584580612085,-0.1690584580612085
2025-11-04 14:14:12,RANDOM_REGULAR.csv,RANDOM,REGULAR,10170.630268133556,10000.000000000002,170.63026813355282,1.7063026813355278
2025-11-04 14:14:12,RANDOM_STATIC.csv,RANDOM,STATIC,9735.179447264714,10000.0,-264.8205527352857,-2.648205527352857
2025-11-04 14:14:12,NEWS_TRIGGER.csv,NEWS,TRIGGER,9911.5737685304,10000.0,-88.42623146960068,-0.8842623146960068
2025-11-04 14:14:12,NEWS_STATIC.csv,NEWS,STATIC,9974.723911081312,10000.01,-25.2860889186868,-0.2528606363262317
2025-11-04 14:14:12,NEWS_REGULAR.csv,NEWS,REGULAR,10003.509490521245,9999.99,3.519490521242915,0.0351949404073695
2025-11-04 14:14:12,AI_TRIGGER.csv,AI,TRIGGER,10005.89569175023,10000.01,5.885691750228943,0.0588568586454307
2025-11-04 14:14:12,RANDOM_TRIGGER.csv,RANDOM,TRIGGER,9757.503760863776,10000.000000000004,-242.4962391362278,-2.424962391362277
2025-11-04 15:15:09,AI_STATIC.csv,AI,STATIC,9839.771070347597,10000.01,-160.2389296524052,-1.602387694136358
2025-11-04 15:15:09,AI_REGULAR.csv,AI,REGULAR,9843.508941760636,10000.0,-156.4910582393641,-1.5649105823936404
2025-11-04 15:15:09,RANDOM_REGULAR.csv,RANDOM,REGULAR,10028.06432359478,10000.000000000002,28.064323594777303,0.280643235947773
2025-11-04 15:15:09,RANDOM_STATIC.csv,RANDOM,STATIC,9667.838960304483,10000.0,-332.1610396955148,-3.321610396955148
2025-11-04 15:15:09,NEWS_TRIGGER.csv,NEWS,TRIGGER,9794.003420297624,10000.0,-205.99657970237604,-2.0599657970237604
2025-11-04 15:15:09,NEWS_STATIC.csv,NEWS,STATIC,9895.30088904686,10000.01,-104.70911095313932,-1.0470900624413308
2025-11-04 15:15:09,NEWS_REGULAR.csv,NEWS,REGULAR,9943.347649103163,9999.99,-56.64235089683461,-0.5664240753924216
2025-11-04 15:15:09,AI_TRIGGER.csv,AI,TRIGGER,9854.144924952956,10000.01,-145.86507504704423,-1.4586492918211504
2025-11-04 15:15:09,RANDOM_TRIGGER.csv,RANDOM,TRIGGER,9634.745991383212,10000.000000000004,-365.2540086167919,-3.652540086167918
2025-11-04 16:17:19,AI_STATIC.csv,AI,STATIC,9825.527640605163,10000.01,-174.48235939483675,-1.7448218491265184
2025-11-04 16:17:19,AI_REGULAR.csv,AI,REGULAR,9828.693593631171,10000.0,-171.30640636882708,-1.7130640636882708
2025-11-04 16:17:19,RANDOM_REGULAR.csv,RANDOM,REGULAR,9944.869559210918,10000.000000000002,-55.13044078908388,-0.5513044078908387
2025-11-04 16:17:19,RANDOM_STATIC.csv,RANDOM,STATIC,9648.112151612697,10000.0,-351.8878483873032,-3.518878483873032
2025-11-04 16:17:19,NEWS_TRIGGER.csv,NEWS,TRIGGER,9772.263444374415,10000.0,-227.7365556255827,-2.277365556255828
2025-11-04 16:17:19,NEWS_STATIC.csv,NEWS,STATIC,9865.0881298275,10000.01,-134.92187017250035,-1.349217352507651
2025-11-04 16:17:19,NEWS_REGULAR.csv,NEWS,REGULAR,9911.291549016189,9999.99,-88.6984509838112,-0.8869853968235089
2025-11-04 16:17:19,AI_TRIGGER.csv,AI,TRIGGER,9835.04442507682,10000.01,-164.9655749231806,-1.6496540995777065
2025-11-04 16:17:19,RANDOM_TRIGGER.csv,RANDOM,TRIGGER,9607.53466469198,10000.000000000004,-392.4653353080248,-3.924653353080247
2025-11-04 17:11:17,AI_STATIC.csv,AI,STATIC,9810.876821440888,10000.01,-189.1331785591119,-1.8913298942612249
2025-11-04 17:11:17,AI_REGULAR.csv,AI,REGULAR,9814.32741931324,10000.0,-185.67258068675983,-1.856725806867598
2025-11-04 17:11:17,RANDOM_REGULAR.csv,RANDOM,REGULAR,9912.249218973391,10000.000000000002,-87.75078102661064,-0.8775078102661062
2025-11-04 17:11:17,RANDOM_STATIC.csv,RANDOM,STATIC,9655.419992817506,10000.0,-344.5800071824942,-3.445800071824942
2025-11-04 17:11:17,NEWS_TRIGGER.csv,NEWS,TRIGGER,9742.233717141262,10000.0,-257.7662828587381,-2.577662828587381
2025-11-04 17:11:17,NEWS_STATIC.csv,NEWS,STATIC,9830.854292909624,10000.01,-169.15570709037638,-1.6915553793483844
2025-11-04 17:11:17,NEWS_REGULAR.csv,NEWS,REGULAR,9882.198347911071,9999.99,-117.79165208892846,-1.1779176988069835
2025-11-04 17:11:17,AI_TRIGGER.csv,AI,TRIGGER,9818.130595638857,10000.01,-181.8794043611433,-1.8187922248192083
2025-11-04 17:11:17,RANDOM_TRIGGER.csv,RANDOM,TRIGGER,9598.961472627358,10000.000000000004,-401.03852737264606,-4.01038527372646
2025-11-04 18:19:37,AI_STATIC.csv,AI,STATIC,9784.012227207946,10000.01,-215.9977727920541,-2.159975567944973
2025-11-04 18:19:37,AI_REGULAR.csv,AI,REGULAR,9787.38532626686,10000.0,-212.61467373314008,-2.1261467373314007
2025-11-04 18:19:37,RANDOM_REGULAR.csv,RANDOM,REGULAR,9905.376111857253,10000.000000000002,-94.62388814275072,-0.9462388814275072
2025-11-04 18:19:37,RANDOM_STATIC.csv,RANDOM,STATIC,9634.734976166388,10000.0,-365.2650238336119,-3.6526502383361183
2025-11-04 18:19:37,NEWS_TRIGGER.csv,NEWS,TRIGGER,9708.85197006078,10000.0,-291.1480299392206,-2.9114802993922058
2025-11-04 18:19:37,NEWS_STATIC.csv,NEWS,STATIC,9805.546395853424,10000.01,-194.46360414657647,-1.944634096831668
2025-11-04 18:19:37,NEWS_REGULAR.csv,NEWS,REGULAR,9859.374927744291,9999.99,-140.61507225570676,-1.4061521287091965
2025-11-04 18:19:37,AI_TRIGGER.csv,AI,TRIGGER,9792.08409405531,10000.01,-207.9259059446904,-2.0792569801899234
2025-11-04 18:19:37,RANDOM_TRIGGER.csv,RANDOM,TRIGGER,9573.962674681672,10000.000000000004,-426.0373253183316,-4.260373253183314
2025-11-04 19:11:07,AI_STATIC.csv,AI,STATIC,9778.365485489654,10000.01,-221.6445145103462,-2.216442928660533
2025-11-04 19:11:07,AI_REGULAR.csv,AI,REGULAR,9781.58215321827,10000.0,-218.4178467817292,-2.184178467817292
2025-11-04 19:11:07,RANDOM_REGULAR.csv,RANDOM,REGULAR,9916.63843228767,10000.000000000002,-83.36156771233254,-0.8336156771233253
2025-11-04 19:11:07,RANDOM_STATIC.csv,RANDOM,STATIC,9641.411160154918,10000.0,-358.5888398450825,-3.5858883984508245
2025-11-04 19:11:07,NEWS_TRIGGER.csv,NEWS,TRIGGER,9718.45833217702,10000.0,-281.54166782298125,-2.8154166782298127
2025-11-04 19:11:07,NEWS_STATIC.csv,NEWS,STATIC,9806.660285662843,10000.01,-193.3497143371569,-1.93349520987636
2025-11-04 19:11:07,NEWS_REGULAR.csv,NEWS,REGULAR,9862.714166718291,9999.99,-137.2758332817084,-1.3727597055767895
2025-11-04 19:11:07,AI_TRIGGER.csv,AI,TRIGGER,9785.372168381413,10000.01,-214.6378316185892,-2.146376169809722
2025-11-04 19:11:07,RANDOM_TRIGGER.csv,RANDOM,TRIGGER,9563.05031125964,10000.000000000004,-436.9496887403639,-4.3694968874036375
2025-11-04 20:15:34,AI_STATIC.csv,AI,STATIC,9796.409974687958,10000.01,-203.6000253120419,-2.0359982171222017
2025-11-04 20:15:34,AI_REGULAR.csv,AI,REGULAR,9798.713207467845,10000.0,-201.28679253215705,-2.0128679253215704
2025-11-04 20:15:34,RANDOM_REGULAR.csv,RANDOM,REGULAR,9945.887682788169,10000.000000000002,-54.11231721183504,-0.5411231721183503
2025-11-04 20:15:34,RANDOM_STATIC.csv,RANDOM,STATIC,9654.822982871565,10000.0,-345.177017128437,-3.45177017128437
2025-11-04 20:15:34,NEWS_TRIGGER.csv,NEWS,TRIGGER,9708.069472908066,10000.0,-291.930527091934,-2.91930527091934
2025-11-04 20:15:34,NEWS_STATIC.csv,NEWS,STATIC,9813.452983308409,10000.01,-186.5570166915913,-1.865568301347612
2025-11-04 20:15:34,NEWS_REGULAR.csv,NEWS,REGULAR,9856.439760795976,9999.99,-143.55023920402346,-1.435503827544062
2025-11-04 20:15:34,AI_TRIGGER.csv,AI,TRIGGER,9804.382914069069,10000.01,-195.6270859309334,-1.9562689030404308
2025-11-04 20:15:34,RANDOM_TRIGGER.csv,RANDOM,TRIGGER,9562.066844856145,10000.000000000004,-437.93315514385904,-4.379331551438589
2025-11-04 21:12:51,AI_STATIC.csv,AI,STATIC,9767.2955478508,10000.01,-232.71445214920087,-2.327142194349815
2025-11-04 21:12:51,AI_REGULAR.csv,AI,REGULAR,9769.21362940197,10000.0,-230.7863705980308,-2.307863705980308
2025-11-04 21:12:51,RANDOM_REGULAR.csv,RANDOM,REGULAR,9934.110760874097,10000.000000000002,-65.88923912590508,-0.6588923912590506
2025-11-04 21:12:51,RANDOM_STATIC.csv,RANDOM,STATIC,9634.853475746591,10000.0,-365.14652425340864,-3.651465242534086
2025-11-04 21:12:51,NEWS_TRIGGER.csv,NEWS,TRIGGER,9668.095956357774,10000.0,-331.9040436422256,-3.3190404364222563
2025-11-04 21:12:51,NEWS_STATIC.csv,NEWS,STATIC,9787.840381684877,10000.01,-212.16961831512344,-2.121694061457173
2025-11-04 21:12:51,NEWS_REGULAR.csv,NEWS,REGULAR,9824.86223432846,9999.99,-175.12776567153924,-1.7512794079948004
2025-11-04 21:12:51,AI_TRIGGER.csv,AI,TRIGGER,9766.309436135469,10000.01,-233.70056386453325,-2.33700330164203
2025-11-04 21:12:51,RANDOM_TRIGGER.csv,RANDOM,TRIGGER,9529.354511990912,10000.000000000004,-470.6454880090914,-4.706454880090913
2025-11-05 14:14:09,AI_STATIC.csv,AI,STATIC,9767.2955478508,10000.01,-232.71445214920087,-2.327142194349815
2025-11-05 14:14:09,AI_REGULAR.csv,AI,REGULAR,9769.21362940197,10000.0,-230.7863705980308,-2.307863705980308
2025-11-05 14:14:09,RANDOM_REGULAR.csv,RANDOM,REGULAR,9934.110760874097,10000.000000000002,-65.88923912590508,-0.6588923912590506
2025-11-05 14:14:09,RANDOM_STATIC.csv,RANDOM,STATIC,9634.853475746591,10000.0,-365.14652425340864,-3.651465242534086
2025-11-05 14:14:09,NEWS_TRIGGER.csv,NEWS,TRIGGER,9668.095956357774,10000.0,-331.9040436422256,-3.3190404364222563
2025-11-05 14:14:09,NEWS_STATIC.csv,NEWS,STATIC,9787.840381684877,10000.01,-212.16961831512344,-2.121694061457173
2025-11-05 14:14:09,NEWS_REGULAR.csv,NEWS,REGULAR,9824.86223432846,9999.99,-175.12776567153924,-1.7512794079948004
2025-11-05 14:14:09,AI_TRIGGER.csv,AI,TRIGGER,9766.309436135469,10000.01,-233.70056386453325,-2.33700330164203
2025-11-05 14:14:09,RANDOM_TRIGGER.csv,RANDOM,TRIGGER,9529.354511990912,10000.000000000004,-470.6454880090914,-4.706454880090913
2025-11-05 15:14:46,AI_STATIC.csv,AI,STATIC,9861.490246657562,10000.01,-138.51975334243798,-1.3851961482282316
2025-11-05 15:14:46,AI_REGULAR.csv,AI,REGULAR,9865.114771142004,10000.0,-134.88522885799466,-1.3488522885799463
2025-11-05 15:14:46,RANDOM_REGULAR.csv,RANDOM,REGULAR,9938.70554692056,10000.000000000002,-61.294453079442974,-0.6129445307944297
2025-11-05 15:14:46,RANDOM_STATIC.csv,RANDOM,STATIC,9453.721770289483,10000.0,-546.2782297105168,-5.462782297105169
2025-11-05 15:14:46,NEWS_TRIGGER.csv,NEWS,TRIGGER,9637.783409920374,10000.0,-362.2165900796263,-3.622165900796263
2025-11-05 15:14:46,NEWS_STATIC.csv,NEWS,STATIC,9768.032621533965,10000.01,-231.9773784660356,-2.3197714648888907
2025-11-05 15:14:46,NEWS_REGULAR.csv,NEWS,REGULAR,9775.452057664108,9999.99,-224.53794233589176,-2.2453816687405865
2025-11-05 15:14:46,AI_TRIGGER.csv,AI,TRIGGER,9918.51969896886,10000.01,-81.4903010311391,-0.8149021954091956
2025-11-05 15:14:46,RANDOM_TRIGGER.csv,RANDOM,TRIGGER,9351.20326695038,10000.000000000004,-648.7967330496249,-6.487967330496247
2025-11-05 16:17:47,AI_STATIC.csv,AI,STATIC,9856.21165638733,10000.01,-143.79834361267058,-1.4379819981447075
2025-11-05 16:17:47,AI_REGULAR.csv,AI,REGULAR,9859.98057041092,10000.0,-140.01942958907966,-1.4001942958907967
2025-11-05 16:17:47,RANDOM_REGULAR.csv,RANDOM,REGULAR,9884.291277614391,10000.000000000002,-115.70872238560878,-1.1570872238560876
2025-11-05 16:17:47,RANDOM_STATIC.csv,RANDOM,STATIC,9505.130834009236,10000.0,-494.8691659907654,-4.948691659907654
2025-11-05 16:17:47,NEWS_TRIGGER.csv,NEWS,TRIGGER,9627.49220369849,10000.0,-372.5077963015101,-3.725077963015101
2025-11-05 16:17:47,NEWS_STATIC.csv,NEWS,STATIC,9760.130266094971,10000.01,-239.87973390502884,-2.3987949402553483
2025-11-05 16:17:47,NEWS_REGULAR.csv,NEWS,REGULAR,9767.148612427138,9999.99,-232.841387572862,-2.328416204144824
2025-11-05 16:17:47,AI_TRIGGER.csv,AI,TRIGGER,9916.48846582622,10000.01,-83.52153417378031,-0.8352145065232965
2025-11-05 16:17:47,RANDOM_TRIGGER.csv,RANDOM,TRIGGER,9449.5071357423,10000.000000000004,-550.4928642577033,-5.504928642577031
2025-11-05 17:13:16,AI_STATIC.csv,AI,STATIC,9921.371893039704,10000.01,-78.63810696029577,-0.7863802832226745
2025-11-05 17:13:16,AI_REGULAR.csv,AI,REGULAR,9924.98401779442,10000.0,-75.01598220558117,-0.7501598220558117
2025-11-05 17:13:16,RANDOM_REGULAR.csv,RANDOM,REGULAR,9900.913160579174,10000.000000000002,-99.08683942082826,-0.9908683942082824
2025-11-05 17:13:16,RANDOM_STATIC.csv,RANDOM,STATIC,9559.372519080622,10000.0,-440.6274809193783,-4.406274809193783
2025-11-05 17:13:16,NEWS_TRIGGER.csv,NEWS,TRIGGER,9676.116555867207,10000.0,-323.88344413279265,-3.2388344413279264
2025-11-05 17:13:16,NEWS_STATIC.csv,NEWS,STATIC,9793.830199706648,10000.01,-206.179800293352,-2.061795941137578
2025-11-05 17:13:16,NEWS_REGULAR.csv,NEWS,REGULAR,9818.151658353803,9999.99,-181.83834164619475,-1.8183852348471825
2025-11-05 17:13:16,AI_TRIGGER.csv,AI,TRIGGER,9984.321741157237,10000.01,-15.688258842763387,-0.1568824315452023
2025-11-05 17:13:16,RANDOM_TRIGGER.csv,RANDOM,TRIGGER,9487.829916141192,10000.000000000004,-512.1700838588113,-5.121700838588111
2025-11-05 18:19:24,AI_STATIC.csv,AI,STATIC,9935.610383963776,10000.01,-64.39961603622396,-0.6439955163667233
2025-11-05 18:19:24,AI_REGULAR.csv,AI,REGULAR,9939.155974075507,10000.0,-60.8440259244926,-0.608440259244926
2025-11-05 18:19:24,RANDOM_REGULAR.csv,RANDOM,REGULAR,9935.954797117927,10000.000000000002,-64.04520288207459,-0.6404520288207458
2025-11-05 18:19:24,RANDOM_STATIC.csv,RANDOM,STATIC,9616.059200953692,10000.0,-383.9407990463078,-3.839407990463078
2025-11-05 18:19:24,NEWS_TRIGGER.csv,NEWS,TRIGGER,9704.24026627844,10000.0,-295.75973372156113,-2.9575973372156112
2025-11-05 18:19:24,NEWS_STATIC.csv,NEWS,STATIC,9830.10172145958,10000.01,-169.9082785404189,-1.6990810863231027
2025-11-05 18:19:24,NEWS_REGULAR.csv,NEWS,REGULAR,9857.726989051818,9999.99,-142.26301094818157,-1.4226315321133476
2025-11-05 18:19:24,AI_TRIGGER.csv,AI,TRIGGER,10010.334945997787,10000.01,10.324945997788744,0.1032493567285307
2025-11-05 18:19:24,RANDOM_TRIGGER.csv,RANDOM,TRIGGER,9544.18661785536,10000.000000000004,-455.8133821446427,-4.558133821446425
2025-11-05 19:11:49,AI_STATIC.csv,AI,STATIC,9946.547171379852,10000.01,-53.462828620147775,-0.5346277515737262
2025-11-05 19:11:49,AI_REGULAR.csv,AI,REGULAR,9950.27942091503,10000.0,-49.72057908496936,-0.4972057908496936
2025-11-05 19:11:49,RANDOM_REGULAR.csv,RANDOM,REGULAR,9929.123619619544,10000.000000000002,-70.8763803804577,-0.7087638038045769
2025-11-05 19:11:49,RANDOM_STATIC.csv,RANDOM,STATIC,9605.131484138565,10000.0,-394.8685158614353,-3.9486851586143534
2025-11-05 19:11:49,NEWS_TRIGGER.csv,NEWS,TRIGGER,9714.544396947616,10000.0,-285.4556030523836,-2.854556030523836
2025-11-05 19:11:49,NEWS_STATIC.csv,NEWS,STATIC,9823.402067453004,10000.01,-176.60793254699638,-1.7660775593924043
2025-11-05 19:11:49,NEWS_REGULAR.csv,NEWS,REGULAR,9858.093597933195,9999.99,-141.8964020668027,-1.4189654396334666
2025-11-05 19:11:49,AI_TRIGGER.csv,AI,TRIGGER,10014.619374701646,10000.01,14.60937470164572,0.1460936009228562
2025-11-05 19:11:49,RANDOM_TRIGGER.csv,RANDOM,TRIGGER,9550.336174809716,10000.000000000004,-449.66382519028775,-4.496638251902875
2025-11-05 20:15:30,AI_STATIC.csv,AI,STATIC,9982.1721833992,10000.01,-17.83781660080058,-0.1783779876300181
2025-11-05 20:15:30,AI_REGULAR.csv,AI,REGULAR,9986.095011320303,10000.0,-13.904988679694725,-0.1390498867969472
2025-11-05 20:15:30,RANDOM_REGULAR.csv,RANDOM,REGULAR,9925.32627612631,10000.000000000002,-74.67372387369142,-0.746737238736914
2025-11-05 20:15:30,RANDOM_STATIC.csv,RANDOM,STATIC,9617.497397615334,10000.0,-382.5026023846658,-3.825026023846658
2025-11-05 20:15:30,NEWS_TRIGGER.csv,NEWS,TRIGGER,9748.265251844348,10000.0,-251.7347481556517,-2.517347481556517
2025-11-05 20:15:30,NEWS_STATIC.csv,NEWS,STATIC,9855.701705012892,10000.01,-144.30829498710773,-1.4430815067895704
2025-11-05 20:15:30,NEWS_REGULAR.csv,NEWS,REGULAR,9883.695682644651,9999.99,-116.29431735534672,-1.1629443364978038
2025-11-05 20:15:30,AI_TRIGGER.csv,AI,TRIGGER,10060.968626007296,10000.01,60.95862600729561,0.6095856504873056
2025-11-05 20:15:30,RANDOM_TRIGGER.csv,RANDOM,TRIGGER,9568.845090391156,10000.000000000004,-431.15490960884745,-4.3115490960884735
2025-11-05 21:12:55,AI_STATIC.csv,AI,STATIC,9947.533230014038,10000.01,-52.47676998596216,-0.5247671750924465
2025-11-05 21:12:55,AI_REGULAR.csv,AI,REGULAR,9951.4088433527,10000.0,-48.59115664730052,-0.4859115664730052
2025-11-05 21:12:55,RANDOM_REGULAR.csv,RANDOM,REGULAR,9951.57980817126,10000.000000000002,-48.420191828741736,-0.4842019182874172
2025-11-05 21:12:55,RANDOM_STATIC.csv,RANDOM,STATIC,9578.458440132858,10000.0,-421.5415598671425,-4.2154155986714255
2025-11-05 21:12:55,NEWS_TRIGGER.csv,NEWS,TRIGGER,9714.448903412233,10000.0,-285.55109658776746,-2.8555109658776745
2025-11-05 21:12:55,NEWS_STATIC.csv,NEWS,STATIC,9845.33142177124,10000.01,-154.67857822876067,-1.5467842355033712
2025-11-05 21:12:55,NEWS_REGULAR.csv,NEWS,REGULAR,9869.61037289772,9999.99,-130.3796271022784,-1.3037975748203587
2025-11-05 21:12:55,AI_TRIGGER.csv,AI,TRIGGER,10026.947334798688,10000.01,26.93733479868752,0.2693730786137965
2025-11-05 21:12:55,RANDOM_TRIGGER.csv,RANDOM,TRIGGER,9536.419139962009,10000.000000000004,-463.5808600379969,-4.635808600379968
2025-11-06 14:14:26,AI_STATIC.csv,AI,STATIC,9947.533230014038,10000.01,-52.47676998596216,-0.5247671750924465
2025-11-06 14:14:26,AI_REGULAR.csv,AI,REGULAR,9951.4088433527,10000.0,-48.59115664730052,-0.4859115664730052
2025-11-06 14:14:26,RANDOM_REGULAR.csv,RANDOM,REGULAR,9951.57980817126,10000.000000000002,-48.420191828741736,-0.4842019182874172
2025-11-06 14:14:26,RANDOM_STATIC.csv,RANDOM,STATIC,9578.458440132858,10000.0,-421.5415598671425,-4.2154155986714255
2025-11-06 14:14:26,NEWS_TRIGGER.csv,NEWS,TRIGGER,9714.505048084326,10000.0,-285.4949519156744,-2.854949519156744
2025-11-06 14:14:26,NEWS_STATIC.csv,NEWS,STATIC,9845.407082269288,10000.01,-154.60291773071185,-1.5460276312794872
2025-11-06 14:14:26,NEWS_REGULAR.csv,NEWS,REGULAR,9869.665352487564,9999.99,-130.32464751243606,-1.303247778372139
2025-11-06 14:14:26,AI_TRIGGER.csv,AI,TRIGGER,10026.947334798688,10000.01,26.93733479868752,0.2693730786137965
2025-11-06 14:14:26,RANDOM_TRIGGER.csv,RANDOM,TRIGGER,9536.419139962009,10000.000000000004,-463.5808600379969,-4.635808600379968
2025-11-06 15:15:11,AI_STATIC.csv,AI,STATIC,9855.877947247314,10000.01,-144.13205275268592,-1.441319086207773
2025-11-06 15:15:11,AI_REGULAR.csv,AI,REGULAR,9856.10993579216,10000.0,-143.89006420784062,-1.4389006420784065
2025-11-06 15:15:11,RANDOM_REGULAR.csv,RANDOM,REGULAR,9780.141767740044,10000.000000000002,-219.85823225995773,-2.198582322599577
2025-11-06 15:15:11,RANDOM_STATIC.csv,RANDOM,STATIC,9482.67500206551,10000.0,-517.3249979344891,-5.173249979344892
2025-11-06 15:15:11,NEWS_TRIGGER.csv,NEWS,TRIGGER,9569.761261501122,10000.0,-430.23873849887786,-4.302387384988779
2025-11-06 15:15:11,NEWS_STATIC.csv,NEWS,STATIC,9769.040308522415,10000.01,-230.969691477585,-2.309694605081245
2025-11-06 15:15:11,NEWS_REGULAR.csv,NEWS,REGULAR,9751.438768276596,9999.99,-248.55123172340245,-2.485514802748827
2025-11-06 15:15:11,AI_TRIGGER.csv,AI,TRIGGER,9936.77631805124,10000.01,-63.23368194875911,-0.6323361871514039
2025-11-06 15:15:11,RANDOM_TRIGGER.csv,RANDOM,TRIGGER,9257.872088195165,10000.000000000004,-742.1279118048406,-7.421279118048403
2025-11-06 16:18:20,AI_STATIC.csv,AI,STATIC,9864.140375424196,10000.01,-135.86962457580557,-1.3586948870631683
2025-11-06 16:18:20,AI_REGULAR.csv,AI,REGULAR,9868.941522858047,10000.0,-131.0584771419526,-1.310584771419526
2025-11-06 16:18:20,RANDOM_REGULAR.csv,RANDOM,REGULAR,9752.398352692986,10000.000000000002,-247.6016473070158,-2.4760164730701577
2025-11-06 16:18:20,RANDOM_STATIC.csv,RANDOM,STATIC,9424.971891058834,10000.0,-575.0281089411656,-5.750281089411655
2025-11-06 16:18:20,NEWS_TRIGGER.csv,NEWS,TRIGGER,9554.311334732112,10000.0,-445.6886652678877,-4.456886652678877
2025-11-06 16:18:20,NEWS_STATIC.csv,NEWS,STATIC,9786.188821917724,10000.01,-213.82117808227667,-2.1382096426131243
2025-11-06 16:18:20,NEWS_REGULAR.csv,NEWS,REGULAR,9769.056948983764,9999.99,-230.9330510162345,-2.309332819495164
2025-11-06 16:18:20,AI_TRIGGER.csv,AI,TRIGGER,9934.523570447902,10000.01,-65.48642955209834,-0.6548636406573428
2025-11-06 16:18:20,RANDOM_TRIGGER.csv,RANDOM,TRIGGER,9203.40121022616,10000.000000000004,-796.598789773845,-7.965987897738448
2025-11-06 17:13:59,AI_STATIC.csv,AI,STATIC,9854.29383466644,10000.01,-145.71616533355882,-1.457160196175392
2025-11-06 17:13:59,AI_REGULAR.csv,AI,REGULAR,9859.33415659008,10000.0,-140.66584340991903,-1.4066584340991903
2025-11-06 17:13:59,RANDOM_REGULAR.csv,RANDOM,REGULAR,9725.104655428113,10000.000000000002,-274.89534457189075,-2.748953445718907
2025-11-06 17:13:59,RANDOM_STATIC.csv,RANDOM,STATIC,9402.75858756584,10000.0,-597.2414124341594,-5.9724141243415945
2025-11-06 17:13:59,NEWS_TRIGGER.csv,NEWS,TRIGGER,9550.422206660674,10000.0,-449.5777933393256,-4.495777933393256
2025-11-06 17:13:59,NEWS_STATIC.csv,NEWS,STATIC,9790.387546212003,10000.01,-209.62245378799523,-2.096222441657511
2025-11-06 17:13:59,NEWS_REGULAR.csv,NEWS,REGULAR,9770.084533971403,9999.99,-229.90546602859467,-2.299056959342906
2025-11-06 17:13:59,AI_TRIGGER.csv,AI,TRIGGER,9906.091854905126,10000.01,-93.91814509487448,-0.939180511768233
2025-11-06 17:13:59,RANDOM_TRIGGER.csv,RANDOM,TRIGGER,9187.791860670884,10000.000000000004,-812.2081393291191,-8.12208139329119
2025-11-06 18:20:12,AI_STATIC.csv,AI,STATIC,9823.426333332824,10000.01,-176.58366666717484,-1.7658349008368477
2025-11-06 18:20:12,AI_REGULAR.csv,AI,REGULAR,9828.403310815049,10000.0,-171.59668918495117,-1.7159668918495117
2025-11-06 18:20:12,RANDOM_REGULAR.csv,RANDOM,REGULAR,9713.619767266691,10000.000000000002,-286.3802327333105,-2.863802327333105
2025-11-06 18:20:12,RANDOM_STATIC.csv,RANDOM,STATIC,9369.060642880448,10000.0,-630.9393571195524,-6.309393571195524
2025-11-06 18:20:12,NEWS_TRIGGER.csv,NEWS,TRIGGER,9550.3169253198,10000.0,-449.6830746802007,-4.496830746802007
2025-11-06 18:20:12,NEWS_STATIC.csv,NEWS,STATIC,9781.370551207732,10000.01,-218.639448792268,-2.1863923015303786
2025-11-06 18:20:12,NEWS_REGULAR.csv,NEWS,REGULAR,9737.50829842148,9999.99,-262.4817015785211,-2.6248196406048514
2025-11-06 18:20:12,AI_TRIGGER.csv,AI,TRIGGER,9874.503037414806,10000.01,-125.50696258519385,-1.2550683707835677
2025-11-06 18:20:12,RANDOM_TRIGGER.csv,RANDOM,TRIGGER,9165.512073638758,10000.000000000004,-834.4879263612456,-8.344879263612453
2025-11-06 19:11:40,AI_STATIC.csv,AI,STATIC,9831.69721567764,10000.01,-168.31278432235922,-1.683126160097432
2025-11-06 19:11:40,AI_REGULAR.csv,AI,REGULAR,9836.828298867798,10000.0,-163.17170113220163,-1.6317170113220163
2025-11-06 19:11:40,RANDOM_REGULAR.csv,RANDOM,REGULAR,9780.478287552947,10000.000000000002,-219.5217124470528,-2.195217124470527
2025-11-06 19:11:40,RANDOM_STATIC.csv,RANDOM,STATIC,9384.686645048683,10000.0,-615.3133549513168,-6.153133549513168
2025-11-06 19:11:40,NEWS_TRIGGER.csv,NEWS,TRIGGER,9614.623579843148,10000.0,-385.376420156852,-3.853764201568519
2025-11-06 19:11:40,NEWS_STATIC.csv,NEWS,STATIC,9841.930147682951,10000.01,-158.07985231704697,-1.5807969423735275
2025-11-06 19:11:40,NEWS_REGULAR.csv,NEWS,REGULAR,9799.758586705017,9999.99,-200.2314132949832,-2.002316135265968
2025-11-06 19:11:40,AI_TRIGGER.csv,AI,TRIGGER,9899.808409881818,10000.01,-100.20159011818214,-1.0020148991669222
2025-11-06 19:11:40,RANDOM_TRIGGER.csv,RANDOM,TRIGGER,9199.982344567305,10000.000000000004,-800.0176554327008,-8.000176554327005
2025-11-06 20:14:59,AI_STATIC.csv,AI,STATIC,9845.35758246689,10000.01,-154.65241753311057,-1.5465226288084768
2025-11-06 20:14:59,AI_REGULAR.csv,AI,REGULAR,9850.601201273346,10000.0,-149.3987987266537,-1.493987987266537
2025-11-06 20:14:59,RANDOM_REGULAR.csv,RANDOM,REGULAR,9801.022568992124,10000.000000000002,-198.97743100787736,-1.9897743100787733
2025-11-06 20:14:59,RANDOM_STATIC.csv,RANDOM,STATIC,9397.999185451214,10000.0,-602.0008145487864,-6.020008145487863
2025-11-06 20:14:59,NEWS_TRIGGER.csv,NEWS,TRIGGER,9607.829409915164,10000.0,-392.1705900848374,-3.921705900848374
2025-11-06 20:14:59,NEWS_STATIC.csv,NEWS,STATIC,9844.140768912886,10000.01,-155.8692310871138,-1.5586907521803857
2025-11-06 20:14:59,NEWS_REGULAR.csv,NEWS,REGULAR,9795.475133671189,9999.99,-204.51486632881097,-2.0451507084388183
2025-11-06 20:14:59,AI_TRIGGER.csv,AI,TRIGGER,9908.214929493077,10000.01,-91.79507050692337,-0.9179497871194464
2025-11-06 20:14:59,RANDOM_TRIGGER.csv,RANDOM,TRIGGER,9182.380480869062,10000.000000000004,-817.6195191309416,-8.176195191309413
2025-11-06 21:12:24,AI_STATIC.csv,AI,STATIC,9805.232054885864,10000.01,-194.77794511413595,-1.947777503363856
2025-11-06 21:12:24,AI_REGULAR.csv,AI,REGULAR,9810.321076827811,10000.0,-189.67892317218684,-1.8967892317218689
2025-11-06 21:12:24,RANDOM_REGULAR.csv,RANDOM,REGULAR,9744.782985587592,10000.000000000002,-255.2170144124084,-2.552170144124083
2025-11-06 21:12:24,RANDOM_STATIC.csv,RANDOM,STATIC,9331.005746842426,10000.0,-668.9942531575743,-6.689942531575744
2025-11-06 21:12:24,NEWS_TRIGGER.csv,NEWS,TRIGGER,9555.45411280752,10000.0,-444.5458871924802,-4.445458871924803
2025-11-06 21:12:24,NEWS_STATIC.csv,NEWS,STATIC,9794.606708944702,10000.01,-205.4032910552978,-2.0540308565221217
2025-11-06 21:12:24,NEWS_REGULAR.csv,NEWS,REGULAR,9740.51624710083,9999.99,-259.47375289917,-2.594740123731824
2025-11-06 21:12:24,AI_TRIGGER.csv,AI,TRIGGER,9864.350783985668,10000.01,-135.65921601433365,-1.356590803552533
2025-11-06 21:12:24,RANDOM_TRIGGER.csv,RANDOM,TRIGGER,9118.792885447374,10000.000000000004,-881.2071145526297,-8.812071145526295
2025-11-07 14:13:58,AI_STATIC.csv,AI,STATIC,,10000.01,,
2025-11-07 14:13:58,AI_REGULAR.csv,AI,REGULAR,9810.321076827811,10000.0,-189.67892317218684,-1.8967892317218689
2025-11-07 14:13:58,RANDOM_REGULAR.csv,RANDOM,REGULAR,9744.782985587592,10000.000000000002,-255.2170144124084,-2.552170144124083
2025-11-07 14:13:58,RANDOM_STATIC.csv,RANDOM,STATIC,9331.005746842426,10000.0,-668.9942531575743,-6.689942531575744
2025-11-07 14:13:58,NEWS_TRIGGER.csv,NEWS,TRIGGER,9555.454112807522,10000.0,-444.5458871924784,-4.445458871924783
2025-11-07 14:13:58,NEWS_STATIC.csv,NEWS,STATIC,9794.606708944702,10000.01,-205.4032910552978,-2.0540308565221217
2025-11-07 14:13:58,NEWS_REGULAR.csv,NEWS,REGULAR,9740.51624710083,9999.99,-259.47375289917,-2.594740123731824
2025-11-07 14:13:58,AI_TRIGGER.csv,AI,TRIGGER,9864.350783985668,10000.01,-135.65921601433365,-1.356590803552533
2025-11-07 14:13:58,RANDOM_TRIGGER.csv,RANDOM,TRIGGER,9118.792885447374,10000.000000000004,-881.2071145526297,-8.812071145526295
2025-11-07 15:14:05,AI_STATIC.csv,AI,STATIC,9845.649226197052,10000.01,-154.36077380294773,-1.5436061944232828
2025-11-07 15:14:05,AI_REGULAR.csv,AI,REGULAR,9850.370902597426,10000.0,-149.6290974025742,-1.496290974025742
2025-11-07 15:14:05,RANDOM_REGULAR.csv,RANDOM,REGULAR,9570.682219634436,10000.000000000002,-429.3177803655653,-4.293177803655652
2025-11-07 15:14:05,RANDOM_STATIC.csv,RANDOM,STATIC,9352.799514820175,10000.0,-647.2004851798247,-6.472004851798246
2025-11-07 15:14:05,NEWS_TRIGGER.csv,NEWS,TRIGGER,9468.54523128028,10000.0,-531.4547687197191,-5.314547687197192
2025-11-07 15:14:05,NEWS_STATIC.csv,NEWS,STATIC,9712.468653608705,10000.01,-287.54134639129734,-2.8754105885023846
2025-11-07 15:14:05,NEWS_REGULAR.csv,NEWS,REGULAR,9648.056287890242,9999.99,-351.93371210975783,-3.519340640438219
2025-11-07 15:14:05,AI_TRIGGER.csv,AI,TRIGGER,9892.82931035344,10000.01,-107.1806896465605,-1.07180582465978
2025-11-07 15:14:05,RANDOM_TRIGGER.csv,RANDOM,TRIGGER,9145.507718084276,10000.000000000004,-854.4922819157291,-8.54492281915729
2025-11-07 16:14:36,AI_STATIC.csv,AI,STATIC,9722.885786683655,10000.01,-277.12421331634505,-2.7712393619240885
2025-11-07 16:14:36,AI_REGULAR.csv,AI,REGULAR,9726.566141259193,10000.0,-273.4338587408074,-2.734338587408074
2025-11-07 16:14:36,RANDOM_REGULAR.csv,RANDOM,REGULAR,9550.67918001265,10000.000000000002,-449.3208199873516,-4.493208199873515
2025-11-07 16:14:36,RANDOM_STATIC.csv,RANDOM,STATIC,9331.825909764755,10000.0,-668.1740902352449,-6.681740902352448
2025-11-07 16:14:36,NEWS_TRIGGER.csv,NEWS,TRIGGER,9375.80413100762,10000.0,-624.1958689923795,-6.241958689923795
2025-11-07 16:14:36,NEWS_STATIC.csv,NEWS,STATIC,9668.920595850754,10000.01,-331.08940414924655,-3.310890730601735
2025-11-07 16:14:36,NEWS_REGULAR.csv,NEWS,REGULAR,9584.82333450012,9999.99,-415.16666549987895,-4.151670806669596
2025-11-07 16:14:36,AI_TRIGGER.csv,AI,TRIGGER,9754.536574882244,10000.01,-245.47342511775605,-2.454731796445764
2025-11-07 16:14:36,RANDOM_TRIGGER.csv,RANDOM,TRIGGER,9087.13962225908,10000.000000000004,-912.8603777409226,-9.12860377740922
2025-11-07 17:12:28,AI_STATIC.csv,AI,STATIC,9656.273791768646,10000.01,-343.7362082313539,-3.4373586449548936
2025-11-07 17:12:28,AI_REGULAR.csv,AI,REGULAR,9659.913399045752,10000.0,-340.08660095424784,-3.400866009542478
2025-11-07 17:12:28,RANDOM_REGULAR.csv,RANDOM,REGULAR,9488.212268790969,10000.000000000002,-511.7877312090332,-5.1178773120903305
2025-11-07 17:12:28,RANDOM_STATIC.csv,RANDOM,STATIC,9321.299250810309,10000.0,-678.7007491896911,-6.787007491896911
2025-11-07 17:12:28,NEWS_TRIGGER.csv,NEWS,TRIGGER,9340.286840343506,10000.0,-659.7131596564941,-6.597131596564941
2025-11-07 17:12:28,NEWS_STATIC.csv,NEWS,STATIC,9629.84779072647,10000.01,-370.1622092735306,-3.701618391116914
2025-11-07 17:12:28,NEWS_REGULAR.csv,NEWS,REGULAR,9540.795258576203,9999.99,-459.1947414237966,-4.591952006189972
2025-11-07 17:12:28,AI_TRIGGER.csv,AI,TRIGGER,9700.37550166546,10000.01,-299.6344983345407,-2.99634198700342
2025-11-07 17:12:28,RANDOM_TRIGGER.csv,RANDOM,TRIGGER,9068.109419967455,10000.000000000004,-931.8905800325484,-9.31890580032548
2025-11-07 18:18:51,AI_STATIC.csv,AI,STATIC,,10000.01,,
2025-11-07 18:18:51,AI_REGULAR.csv,AI,REGULAR,9719.261082851028,10000.0,-280.7389171489722,-2.8073891714897217
2025-11-07 18:18:51,RANDOM_REGULAR.csv,RANDOM,REGULAR,9474.887453355794,10000.000000000002,-525.1125466442081,-5.251125466442081
2025-11-07 18:18:51,RANDOM_STATIC.csv,RANDOM,STATIC,9315.57581989036,10000.0,-684.4241801096414,-6.844241801096413
2025-11-07 18:18:51,NEWS_TRIGGER.csv,NEWS,TRIGGER,9418.868355364004,10000.0,-581.131644635996,-5.81131644635996
2025-11-07 18:18:51,NEWS_STATIC.csv,NEWS,STATIC,9708.565800571823,10000.01,-291.4441994281751,-2.914439079842672
2025-11-07 18:18:51,NEWS_REGULAR.csv,NEWS,REGULAR,9624.295681782913,9999.99,-375.69431821708713,-3.7569469391178094
2025-11-07 18:18:51,AI_TRIGGER.csv,AI,TRIGGER,9757.543107917809,10000.01,-242.46689208219323,-2.424666496155436
2025-11-07 18:18:51,RANDOM_TRIGGER.csv,RANDOM,TRIGGER,9118.216735964394,10000.000000000004,-881.78326403561,-8.817832640356098
2025-11-07 19:11:20,AI_STATIC.csv,AI,STATIC,9718.25502462082,10000.01,-281.7549753791809,-2.817546936244873
2025-11-07 19:11:20,AI_REGULAR.csv,AI,REGULAR,9722.695661389542,10000.0,-277.3043386104582,-2.773043386104582
2025-11-07 19:11:20,RANDOM_REGULAR.csv,RANDOM,REGULAR,9540.345279029158,10000.000000000002,-459.6547209708442,-4.596547209708441
2025-11-07 19:11:20,RANDOM_STATIC.csv,RANDOM,STATIC,9350.751234124771,10000.0,-649.2487658752289,-6.492487658752289
2025-11-07 19:11:20,NEWS_TRIGGER.csv,NEWS,TRIGGER,9432.145668607956,10000.0,-567.8543313920436,-5.678543313920436
2025-11-07 19:11:20,NEWS_STATIC.csv,NEWS,STATIC,9731.73107536316,10000.01,-268.2789246368411,-2.6827865635818475
2025-11-07 19:11:20,NEWS_REGULAR.csv,NEWS,REGULAR,9648.33220908432,9999.99,-351.65779091567856,-3.516581425738212
2025-11-07 19:11:20,AI_TRIGGER.csv,AI,TRIGGER,9763.324627226028,10000.01,-236.68537277397263,-2.366851360888365
2025-11-07 19:11:20,RANDOM_TRIGGER.csv,RANDOM,TRIGGER,9136.60892739479,10000.000000000004,-863.3910726052145,-8.633910726052143
2025-11-07 20:14:22,AI_STATIC.csv,AI,STATIC,9806.526456969452,10000.01,-193.4835430305484,-1.9348334954719888
2025-11-07 20:14:22,AI_REGULAR.csv,AI,REGULAR,9810.960658465578,10000.0,-189.0393415344224,-1.8903934153442243
2025-11-07 20:14:22,RANDOM_REGULAR.csv,RANDOM,REGULAR,9570.67929597048,10000.000000000002,-429.320704029522,-4.2932070402952185
2025-11-07 20:14:22,RANDOM_STATIC.csv,RANDOM,STATIC,9430.408421705357,10000.0,-569.5915782946449,-5.695915782946449
2025-11-07 20:14:22,NEWS_TRIGGER.csv,NEWS,TRIGGER,9507.87601754042,10000.0,-492.1239824595814,-4.921239824595814
2025-11-07 20:14:22,NEWS_STATIC.csv,NEWS,STATIC,9801.445758704376,10000.01,-198.564241295624,-1.985640427315813
2025-11-07 20:14:22,NEWS_REGULAR.csv,NEWS,REGULAR,9718.986322581864,9999.99,-281.0036774181372,-2.810039584220956
2025-11-07 20:14:22,AI_TRIGGER.csv,AI,TRIGGER,9854.967144928374,10000.01,-145.04285507162604,-1.45042710028916
2025-11-07 20:14:22,RANDOM_TRIGGER.csv,RANDOM,TRIGGER,9231.692832788596,10000.000000000004,-768.3071672114074,-7.683071672114071
2025-11-07 21:09:38,AI_STATIC.csv,AI,STATIC,9840.987619233703,10000.01,-159.0223807662951,-1.5902222174407337
2025-11-07 21:09:38,AI_REGULAR.csv,AI,REGULAR,9845.6119083601,10000.0,-154.38809163989936,-1.5438809163989935
2025-11-07 21:09:38,RANDOM_REGULAR.csv,RANDOM,REGULAR,9613.723023209446,10000.000000000002,-386.2769767905557,-3.862769767905556
2025-11-07 21:09:38,RANDOM_STATIC.csv,RANDOM,STATIC,9435.319591683594,10000.0,-564.6804083164061,-5.646804083164061
2025-11-07 21:09:38,NEWS_TRIGGER.csv,NEWS,TRIGGER,9516.240382398551,10000.0,-483.75961760144855,-4.837596176014486
2025-11-07 21:09:38,NEWS_STATIC.csv,NEWS,STATIC,9802.881129740908,10000.01,-197.12887025909367,-1.9712867313042053
2025-11-07 21:09:38,NEWS_REGULAR.csv,NEWS,REGULAR,9716.120116150663,9999.99,-283.86988384933466,-2.8387016771950235
2025-11-07 21:09:38,AI_TRIGGER.csv,AI,TRIGGER,9899.18836170587,10000.01,-100.82163829413004,-1.0082153747259257
2025-11-07 21:09:38,RANDOM_TRIGGER.csv,RANDOM,TRIGGER,9246.174849176135,10000.000000000004,-753.8251508238682,-7.5382515082386785
2025-11-10 14:14:53,AI_STATIC.csv,AI,STATIC,9840.987619233703,10000.01,-159.0223807662951,-1.5902222174407337
2025-11-10 14:14:53,AI_REGULAR.csv,AI,REGULAR,9845.6119083601,10000.0,-154.38809163989936,-1.5438809163989935
2025-11-10 14:14:53,RANDOM_REGULAR.csv,RANDOM,REGULAR,9613.723023209446,10000.000000000002,-386.2769767905557,-3.862769767905556
2025-11-10 14:14:53,RANDOM_STATIC.csv,RANDOM,STATIC,9435.319591683594,10000.0,-564.6804083164061,-5.646804083164061
2025-11-10 14:14:53,NEWS_TRIGGER.csv,NEWS,TRIGGER,9516.240382398551,10000.0,-483.75961760144673,-4.837596176014468
2025-11-10 14:14:53,NEWS_STATIC.csv,NEWS,STATIC,9802.881129740908,10000.01,-197.12887025909367,-1.9712867313042053
2025-11-10 14:14:53,NEWS_REGULAR.csv,NEWS,REGULAR,9716.120116150663,9999.99,-283.86988384933466,-2.8387016771950235
2025-11-10 14:14:53,AI_TRIGGER.csv,AI,TRIGGER,9899.188361705865,10000.01,-100.82163829413548,-1.00821537472598
2025-11-10 14:14:53,RANDOM_TRIGGER.csv,RANDOM,TRIGGER,9246.174849176135,10000.000000000004,-753.8251508238682,-7.5382515082386785
2025-11-10 15:15:22,AI_STATIC.csv,AI,STATIC,9945.088550030518,10000.01,-54.92144996948264,-0.549213950480876
2025-11-10 15:15:22,AI_REGULAR.csv,AI,REGULAR,9953.16819504509,10000.0,-46.831804954910695,-0.4683180495491069
2025-11-10 15:15:22,RANDOM_REGULAR.csv,RANDOM,REGULAR,9639.146331462664,10000.000000000002,-360.8536685373383,-3.608536685373383
2025-11-10 15:15:22,RANDOM_STATIC.csv,RANDOM,STATIC,9416.43444871946,10000.0,-583.5655512805406,-5.835655512805406
2025-11-10 15:15:22,NEWS_TRIGGER.csv,NEWS,TRIGGER,9685.800252999055,10000.0,-314.1997470009428,-3.141997470009428
2025-11-10 15:15:22,NEWS_STATIC.csv,NEWS,STATIC,9996.849820025634,10000.01,-3.1601799743657466,-0.0316017681418893
2025-11-10 15:15:22,NEWS_REGULAR.csv,NEWS,REGULAR,9894.048883781052,9999.99,-105.94111621894808,-1.0594122216017026
2025-11-10 15:15:22,AI_TRIGGER.csv,AI,TRIGGER,10025.953980951532,10000.01,25.94398095153156,0.2594395500757654
2025-11-10 15:15:22,RANDOM_TRIGGER.csv,RANDOM,TRIGGER,9287.592097269611,10000.000000000004,-712.4079027303906,-7.124079027303903
2025-11-10 16:17:46,AI_STATIC.csv,AI,STATIC,9893.266050349426,10000.01,-106.743949650574,-1.067438429067311
2025-11-10 16:17:46,AI_REGULAR.csv,AI,REGULAR,9901.965230165864,10000.0,-98.03476983413748,-0.9803476983413748
2025-11-10 16:17:46,RANDOM_REGULAR.csv,RANDOM,REGULAR,9662.947886132337,10000.000000000002,-337.0521138676668,-3.370521138676667
2025-11-10 16:17:46,RANDOM_STATIC.csv,RANDOM,STATIC,9395.120940134157,10000.0,-604.8790598658434,-6.048790598658433
2025-11-10 16:17:46,NEWS_TRIGGER.csv,NEWS,TRIGGER,9605.739920149052,10000.0,-394.2600798509484,-3.942600798509484
2025-11-10 16:17:46,NEWS_STATIC.csv,NEWS,STATIC,9925.932644012068,10000.01,-74.0773559879326,-0.7407728191065069
2025-11-10 16:17:46,NEWS_REGULAR.csv,NEWS,REGULAR,9814.697245671843,9999.99,-185.29275432815663,-1.852929396210963
2025-11-10 16:17:46,AI_TRIGGER.csv,AI,TRIGGER,9985.091097725748,10000.01,-14.918902274252105,-0.1491888735536475
2025-11-10 16:17:46,RANDOM_TRIGGER.csv,RANDOM,TRIGGER,9233.625176805155,10000.000000000004,-766.3748231948466,-7.663748231948464
2025-11-10 17:13:01,AI_STATIC.csv,AI,STATIC,9907.605418566896,10000.01,-92.4045814331057,-0.9240448902861668
2025-11-10 17:13:01,AI_REGULAR.csv,AI,REGULAR,9916.065759910012,10000.0,-83.93424008998772,-0.8393424008998772
2025-11-10 17:13:01,RANDOM_REGULAR.csv,RANDOM,REGULAR,9625.460046827737,10000.000000000002,-374.5399531722669,-3.745399531722669
2025-11-10 17:13:01,RANDOM_STATIC.csv,RANDOM,STATIC,9408.714081332178,10000.0,-591.2859186678215,-5.912859186678215
2025-11-10 17:13:01,NEWS_TRIGGER.csv,NEWS,TRIGGER,9608.854043573408,10000.0,-391.1459564265915,-3.911459564265915
2025-11-10 17:13:01,NEWS_STATIC.csv,NEWS,STATIC,9937.507719734953,10000.01,-62.502280265047375,-0.625022177628296
2025-11-10 17:13:01,NEWS_REGULAR.csv,NEWS,REGULAR,9822.954822471998,9999.99,-177.03517752800144,-1.7703535456335602
2025-11-10 17:13:01,AI_TRIGGER.csv,AI,TRIGGER,10000.715062269252,10000.01,0.705062269253176,0.0070506156419161
2025-11-10 17:13:01,RANDOM_TRIGGER.csv,RANDOM,TRIGGER,9235.64240895287,10000.000000000004,-764.3575910471336,-7.643575910471332
2025-11-10 18:19:55,AI_STATIC.csv,AI,STATIC,9921.216599560546,10000.01,-78.79340043945376,-0.7879332164613211
2025-11-10 18:19:55,AI_REGULAR.csv,AI,REGULAR,9928.655448448562,10000.0,-71.34455155143769,-0.7134455155143768
2025-11-10 18:19:55,RANDOM_REGULAR.csv,RANDOM,REGULAR,9657.274107034296,10000.000000000002,-342.7258929657055,-3.4272589296570546
2025-11-10 18:19:55,RANDOM_STATIC.csv,RANDOM,STATIC,9428.820280835149,10000.0,-571.1797191648511,-5.711797191648511
2025-11-10 18:19:55,NEWS_TRIGGER.csv,NEWS,TRIGGER,9640.479157874684,10000.0,-359.52084212531554,-3.595208421253156
2025-11-10 18:19:55,NEWS_STATIC.csv,NEWS,STATIC,9970.467339273837,10000.01,-29.542660726165195,-0.2954263118353401
2025-11-10 18:19:55,NEWS_REGULAR.csv,NEWS,REGULAR,9855.523395666123,9999.99,-144.4666043338766,-1.444667488006254
2025-11-10 18:19:55,AI_TRIGGER.csv,AI,TRIGGER,10015.222855766891,10000.01,15.212855766892972,0.1521284055405241
2025-11-10 18:19:55,RANDOM_TRIGGER.csv,RANDOM,TRIGGER,9263.743235450196,10000.000000000004,-736.2567645498075,-7.362567645498072
2025-11-10 19:11:23,AI_STATIC.csv,AI,STATIC,9930.492078516389,10000.01,-69.51792148361164,-0.6951785196575968
2025-11-10 19:11:23,AI_REGULAR.csv,AI,REGULAR,9937.952733574104,10000.0,-62.04726642589594,-0.6204726642589594
2025-11-10 19:11:23,RANDOM_REGULAR.csv,RANDOM,REGULAR,9660.483365868757,10000.000000000002,-339.516634131247,-3.395166341312469
2025-11-10 19:11:23,RANDOM_STATIC.csv,RANDOM,STATIC,9422.96273171354,10000.0,-577.03726828646,-5.7703726828646
2025-11-10 19:11:23,NEWS_TRIGGER.csv,NEWS,TRIGGER,9651.356073839432,10000.0,-348.6439261605683,-3.486439261605683
2025-11-10 19:11:23,NEWS_STATIC.csv,NEWS,STATIC,9981.81797839775,10000.01,-18.19202160224995,-0.1819200341024654
2025-11-10 19:11:23,NEWS_REGULAR.csv,NEWS,REGULAR,9869.719015575029,9999.99,-130.27098442497118,-1.3027111469608588
2025-11-10 19:11:23,AI_TRIGGER.csv,AI,TRIGGER,10014.53228088808,10000.01,14.522280888080786,0.1452226636581441
2025-11-10 19:11:23,RANDOM_TRIGGER.csv,RANDOM,TRIGGER,9266.374769940458,10000.000000000004,-733.6252300595461,-7.336252300595458
2025-11-10 20:16:21,AI_STATIC.csv,AI,STATIC,9981.097546840669,10000.01,-18.91245315933338,-0.1891243424689913
2025-11-10 20:16:21,AI_REGULAR.csv,AI,REGULAR,9988.547289751434,10000.0,-11.45271024856629,-0.1145271024856629
2025-11-10 20:16:21,RANDOM_REGULAR.csv,RANDOM,REGULAR,9672.888742059846,10000.000000000002,-327.11125794015607,-3.2711125794015605
2025-11-10 20:16:21,RANDOM_STATIC.csv,RANDOM,STATIC,9433.64756613787,10000.0,-566.35243386213,-5.663524338621301
2025-11-10 20:16:21,NEWS_TRIGGER.csv,NEWS,TRIGGER,9677.0785533117,10000.0,-322.9214466882986,-3.2292144668829863
2025-11-10 20:16:21,NEWS_STATIC.csv,NEWS,STATIC,10006.67763938446,10000.01,6.667639384460927,0.0666763271682821
2025-11-10 20:16:21,NEWS_REGULAR.csv,NEWS,REGULAR,9887.60343692436,9999.99,-112.38656307563906,-1.1238667546231451
2025-11-10 20:16:21,AI_TRIGGER.csv,AI,TRIGGER,10063.59628206229,10000.01,63.58628206228968,0.6358621847607121
2025-11-10 20:16:21,RANDOM_TRIGGER.csv,RANDOM,TRIGGER,9284.691357360964,10000.000000000004,-715.30864263904,-7.153086426390399
2025-11-10 21:12:40,AI_STATIC.csv,AI,STATIC,9986.90947857132,10000.01,-13.100521428681532,-0.131005083281732
2025-11-10 21:12:40,AI_REGULAR.csv,AI,REGULAR,9994.319038414384,10000.0,-5.680961585616387,-0.0568096158561638
2025-11-10 21:12:40,RANDOM_REGULAR.csv,RANDOM,REGULAR,9693.700302628487,10000.000000000002,-306.2996973715144,-3.062996973715144
2025-11-10 21:12:40,RANDOM_STATIC.csv,RANDOM,STATIC,9432.528690299105,10000.0,-567.4713097008971,-5.674713097008971
2025-11-10 21:12:40,NEWS_TRIGGER.csv,NEWS,TRIGGER,9679.810538167065,10000.0,-320.189461832937,-3.2018946183293697
2025-11-10 21:12:40,NEWS_STATIC.csv,NEWS,STATIC,10022.981213249968,10000.01,22.97121324996806,0.2297119027877778
2025-11-10 21:12:40,NEWS_REGULAR.csv,NEWS,REGULAR,9908.888909838486,9999.99,-91.10109016151364,-0.911011812626949
2025-11-10 21:12:40,AI_TRIGGER.csv,AI,TRIGGER,10067.385298037185,10000.01,67.37529803718462,0.6737523066195396
2025-11-10 21:12:40,RANDOM_TRIGGER.csv,RANDOM,TRIGGER,9280.768858015192,10000.000000000004,-719.231141984812,-7.192311419848117
2025-11-11 14:14:28,AI_STATIC.csv,AI,STATIC,9986.90947857132,10000.01,-13.100521428681532,-0.131005083281732
2025-11-11 14:14:28,AI_REGULAR.csv,AI,REGULAR,9994.319038414384,10000.0,-5.680961585616387,-0.0568096158561638
2025-11-11 14:14:28,RANDOM_REGULAR.csv,RANDOM,REGULAR,9693.700302628487,10000.000000000002,-306.2996973715144,-3.062996973715144
2025-11-11 14:14:28,RANDOM_STATIC.csv,RANDOM,STATIC,9432.528690299105,10000.0,-567.4713097008971,-5.674713097008971
2025-11-11 14:14:28,NEWS_TRIGGER.csv,NEWS,TRIGGER,9679.77305552588,10000.0,-320.2269444741196,-3.202269444741196
2025-11-11 14:14:28,NEWS_STATIC.csv,NEWS,STATIC,10022.981213249968,10000.01,22.97121324996806,0.2297119027877778
2025-11-11 14:14:28,NEWS_REGULAR.csv,NEWS,REGULAR,9908.888909838486,9999.99,-91.10109016151364,-0.911011812626949
2025-11-11 14:14:28,AI_TRIGGER.csv,AI,TRIGGER,10067.385298037185,10000.01,67.3752980371828,0.6737523066195213
2025-11-11 14:14:28,RANDOM_TRIGGER.csv,RANDOM,TRIGGER,9280.76885801519,10000.000000000004,-719.2311419848138,-7.192311419848135
2025-11-11 15:14:42,AI_STATIC.csv,AI,STATIC,9937.577291630554,10000.01,-62.43270836944612,-0.6243264593680018
2025-11-11 15:14:42,AI_REGULAR.csv,AI,REGULAR,9943.167923643685,10000.0,-56.832076356315156,-0.5683207635631515
2025-11-11 15:14:42,RANDOM_REGULAR.csv,RANDOM,REGULAR,9763.839202248057,10000.000000000002,-236.1607977519452,-2.361607977519452
2025-11-11 15:14:42,RANDOM_STATIC.csv,RANDOM,STATIC,9442.630801063762,10000.0,-557.3691989362378,-5.573691989362378
2025-11-11 15:14:42,NEWS_TRIGGER.csv,NEWS,TRIGGER,9551.238741942923,10000.0,-448.7612580570767,-4.487612580570767
2025-11-11 15:14:42,NEWS_STATIC.csv,NEWS,STATIC,9928.950324267196,10000.01,-71.05967573280395,-0.7105960467319928
2025-11-11 15:14:42,NEWS_REGULAR.csv,NEWS,REGULAR,9812.44536193466,9999.99,-187.5446380653393,-1.8754482561016492
2025-11-11 15:14:42,AI_TRIGGER.csv,AI,TRIGGER,9985.455063520638,10000.01,-14.554936479362368,-0.14554921924440442
2025-11-11 15:14:42,RANDOM_TRIGGER.csv,RANDOM,TRIGGER,9207.317143786084,10000.000000000004,-792.6828562139199,-7.926828562139196
